candidate,primary_selected,window,scenario,cohort,count,median_cagr,median_total_return,median_excess_cagr,outperform_rate,median_sharpe,median_sharpe_excess,higher_sharpe_rate,sharpe_pairs,median_drawdown,median_exposure,median_entries,activity_rate,all_cash,cagr8_rate,positive_rate
R11_monthly_0.2_0.7,True,full,base,all,461,5.4518180557612705,60.178658033900014,1.9824576043776743,0.559652928416486,0.5143368817542809,0.1895743529670659,0.6919315403422983,409,24.9183864552889,0.1499390491670053,4.0,0.8872017353579176,52,0.3644251626898048,0.806941431670282
R11_monthly_0.2_0.7,True,full,base,primary,370,6.706724947338049,76.51867417872782,1.9564955352671776,0.572972972972973,0.5322358921145385,0.2028330750744607,0.7243243243243244,370,27.30549568886338,0.1499390491670053,4.0,1.0,0,0.4243243243243243,0.9567567567567568
R11_monthly_0.2_0.7,True,full,base,full10,275,6.683327356550572,90.88562066127228,1.3059027270900128,0.5490909090909091,0.5380238109313984,0.19268215586154397,0.7272727272727273,275,27.18369064436208,0.1499390491670053,4.0,1.0,0,0.41818181818181815,0.9781818181818182
R11_monthly_0.2_0.7,True,full,cost2x,all,461,5.325264978960531,58.2753735989648,1.8884933349114785,0.559652928416486,0.5054017879470494,0.18336760338720803,0.687041564792176,409,25.00000326600783,0.1499390491670053,4.0,0.8872017353579176,52,0.3579175704989154,0.806941431670282
R11_monthly_0.2_0.7,True,full,cost2x,primary,370,6.578665852612209,74.41310508520843,1.8607961588641198,0.572972972972973,0.5237853401504063,0.1939212037551305,0.7189189189189189,370,27.46808415652301,0.1499390491670053,4.0,1.0,0,0.41621621621621624,0.9567567567567568
R11_monthly_0.2_0.7,True,full,cost2x,full10,275,6.555296341351102,88.60867820670397,1.2049968484384443,0.5490909090909091,0.5296273716215594,0.18663178829401345,0.72,275,27.249963558734226,0.1499390491670053,4.0,1.0,0,0.4072727272727273,0.9781818181818182
R11_monthly_0.2_0.7,True,full,delay1,all,461,4.869111066972787,52.60754616968582,1.1937701092833883,0.5401301518438177,0.4741551911014526,0.13879352224061597,0.628361858190709,409,25.09240923783418,0.14953271028037382,4.0,0.8872017353579176,52,0.32537960954446854,0.7830802603036876
R11_monthly_0.2_0.7,True,full,delay1,primary,370,6.078419636536014,67.19033120768279,1.1589369265043947,0.5459459459459459,0.4906565145532623,0.1533826828644167,0.6567567567567567,370,27.609125022001113,0.14953271028037382,4.0,1.0,0,0.3810810810810811,0.9324324324324325
R11_monthly_0.2_0.7,True,full,delay1,full10,275,6.0411348868836034,79.7087849898132,0.6283628590532997,0.52,0.49376500947744306,0.14652281285672908,0.6509090909090909,275,27.59782967158343,0.14953271028037382,4.0,1.0,0,0.36727272727272725,0.9672727272727273
R11_monthly_0.2_0.7,True,reserved,base,all,461,1.8587650510880627,5.044394175975286,-12.046644203349688,0.28633405639913234,0.36637287756047854,-0.23772863518827125,0.33251833740831294,409,10.246102580678162,0.06838905775075987,1.0,0.8872017353579176,52,0.16268980477223427,0.6247288503253796
R11_monthly_0.2_0.7,True,reserved,base,primary,381,2.6762578879987675,7.312313750834676,-14.488998887244865,0.2388451443569554,0.39007215502450443,-0.23519523726277364,0.3333333333333333,381,11.059911547076496,0.06838905775075987,1.0,1.0,0,0.1784776902887139,0.7270341207349081
R11_monthly_0.2_0.7,True,reserved,base,full10,275,2.6270271595251415,7.174877510049504,-15.367139916060633,0.2109090909090909,0.41404482389431113,-0.24322126882233247,0.31636363636363635,275,10.019142866497887,0.06838905775075987,1.0,1.0,0,0.16,0.7345454545454545
R11_monthly_0.2_0.7,True,reserved,cost2x,all,461,1.7444727279397165,4.729732671043263,-12.033127065659553,0.28633405639913234,0.3530628389530885,-0.2528404447392243,0.33251833740831294,409,10.246102580678162,0.06838905775075987,1.0,0.8872017353579176,52,0.16052060737527116,0.6160520607375272
R11_monthly_0.2_0.7,True,reserved,cost2x,primary,381,2.5610482834025117,6.990858670747224,-14.472741264819499,0.2388451443569554,0.3774090726402296,-0.2510608567625164,0.3333333333333333,381,11.067192670202363,0.06838905775075987,1.0,1.0,0,0.17585301837270342,0.7165354330708661
R11_monthly_0.2_0.7,True,reserved,cost2x,full10,275,2.5118727950874,6.853834121558688,-15.349896960873899,0.2109090909090909,0.39779771858165913,-0.25444545369973226,0.31636363636363635,275,10.019142866497887,0.06838905775075987,1.0,1.0,0,0.16,0.7236363636363636
R11_monthly_0.2_0.7,True,reserved,delay1,all,461,0.8039911415106848,1.993046530943099,-13.089430166480199,0.279826464208243,0.2536703035373031,-0.32476486835599455,0.26894865525672373,409,10.39657315070489,0.0668693009118541,1.0,0.8872017353579176,52,0.1301518438177874,0.5726681127982647
R11_monthly_0.2_0.7,True,reserved,delay1,primary,381,1.7986044384901811,4.878690617461912,-15.261262134402422,0.2283464566929134,0.2862253973128713,-0.3053346721339095,0.2677165354330709,381,11.31386648542213,0.0668693009118541,1.0,1.0,0,0.14173228346456693,0.6692913385826772
R11_monthly_0.2_0.7,True,reserved,delay1,full10,275,1.8279031089933673,4.959369047310003,-15.99427208687616,0.2,0.30806375891373305,-0.3092352220974217,0.2545454545454545,275,10.0817470377629,0.0668693009118541,1.0,1.0,0,0.13818181818181818,0.6909090909090909
R11_BREADTH250_0.2_0.7,False,full,base,all,461,7.81775767582078,94.14894971507744,5.11134486091942,0.6550976138828634,0.5482845951333399,0.20279595330131212,0.725,400,36.568783731110535,0.2722470540430719,5.0,0.8676789587852495,61,0.4880694143167028,0.8004338394793926
R11_BREADTH250_0.2_0.7,False,full,base,primary,370,10.009298963958857,120.12641966293793,5.094255637995593,0.6783783783783783,0.5525195800751295,0.2063501506548826,0.7432432432432432,370,40.248801379636916,0.2722470540430719,5.0,1.0,0,0.5837837837837838,0.9486486486486486
R11_BREADTH250_0.2_0.7,False,full,base,full10,275,9.352842786228965,144.36274721041232,3.1973301297928423,0.6509090909090909,0.5493932865293861,0.20161894079921233,0.7418181818181818,275,40.185180541803774,0.2722470540430719,5.0,1.0,0,0.5490909090909091,0.96
R11_BREADTH250_0.2_0.7,False,full,cost2x,all,461,7.655819718918844,91.25844340517075,4.974883607793168,0.6507592190889371,0.5401187033341186,0.19675723153328062,0.7175,400,36.71204399084097,0.2722470540430719,5.0,0.8676789587852495,61,0.4750542299349241,0.8004338394793926
R11_BREADTH250_0.2_0.7,False,full,cost2x,primary,370,9.84429557179115,117.23161693779119,4.974392051671572,0.672972972972973,0.545366075830854,0.20048027802212834,0.7351351351351352,370,40.24880137963692,0.2722470540430719,5.0,1.0,0,0.5675675675675675,0.9486486486486486
R11_BREADTH250_0.2_0.7,False,full,cost2x,full10,275,9.188824015335584,140.7246535521444,3.060667803190876,0.6436363636363637,0.5393605294703301,0.19491255986134542,0.730909090909091,275,40.18518054180379,0.2722470540430719,5.0,1.0,0,0.5345454545454545,0.96
R11_BREADTH250_0.2_0.7,False,full,delay1,all,461,7.999973773014268,93.18093004199577,4.792927167050465,0.6637744034707158,0.5477866971076276,0.21836770758460566,0.735,400,35.77423224762104,0.2718407151564405,5.0,0.8676789587852495,61,0.49891540130151846,0.8026030368763557
R11_BREADTH250_0.2_0.7,False,full,delay1,primary,370,9.895342981709065,127.50588865211716,4.7180918354325145,0.6891891891891891,0.5579532169297893,0.22496259373778765,0.754054054054054,370,39.76235340355316,0.2718407151564405,5.0,1.0,0,0.5945945945945946,0.9513513513513514
R11_BREADTH250_0.2_0.7,False,full,delay1,full10,275,9.465440717431184,146.8888418818556,3.358524554528608,0.6654545454545454,0.558913788923655,0.22245903773334091,0.7636363636363637,275,39.46666545082327,0.2718407151564405,5.0,1.0,0,0.5709090909090909,0.9636363636363636
R11_BREADTH250_0.2_0.7,False,reserved,base,all,461,11.25392147492612,32.67298692809173,-2.9675471446477975,0.45770065075921906,0.772611141167848,0.21378563631318892,0.65,400,15.913209898147397,0.19148936170212766,2.0,0.8676789587852495,61,0.5726681127982647,0.7678958785249458
R11_BREADTH250_0.2_0.7,False,reserved,base,primary,381,13.80714899414639,41.28401169619329,-4.275814766163057,0.4330708661417323,0.783249357544322,0.22380607174394018,0.6587926509186351,381,17.260658243188022,0.19148936170212766,2.0,1.0,0,0.6797900262467191,0.905511811023622
R11_BREADTH250_0.2_0.7,False,reserved,base,full10,275,13.849928700480874,41.42596887005114,-4.934669100482081,0.4109090909090909,0.8469292955526416,0.25241127499780336,0.6763636363636364,275,15.691670852529061,0.19148936170212766,2.0,1.0,0,0.7054545454545454,0.9236363636363636
R11_BREADTH250_0.2_0.7,False,reserved,cost2x,all,461,11.004392917684424,31.879330966479724,-3.0728990773637888,0.45770065075921906,0.7576869645476901,0.20609031479837236,0.6475,400,15.913209898147397,0.19148936170212766,2.0,0.8676789587852495,61,0.5683297180043384,0.7657266811279827
R11_BREADTH250_0.2_0.7,False,reserved,cost2x,primary,381,13.551893868611797,40.43884418501087,-4.398683964838044,0.4330708661417323,0.7730501140495116,0.2109201631437987,0.6561679790026247,381,17.260658243187997,0.19148936170212766,2.0,1.0,0,0.6745406824146981,0.9028871391076115
R11_BREADTH250_0.2_0.7,False,reserved,cost2x,full10,275,13.594577625443915,40.5799521644703,-5.051841793118882,0.4109090909090909,0.8338503034406977,0.24082162168394894,0.6763636363636364,275,15.691670852529072,0.19148936170212766,2.0,1.0,0,0.6981818181818182,0.92
R11_BREADTH250_0.2_0.7,False,reserved,delay1,all,461,10.212328525078295,29.159781388908822,-4.36478201642867,0.44251626898047725,0.7373194044859951,0.20697718243788343,0.625,400,15.730337716054043,0.1899696048632219,2.0,0.8676789587852495,61,0.5661605206073753,0.7635574837310195
R11_BREADTH250_0.2_0.7,False,reserved,delay1,primary,381,13.232997404918612,39.38741051427284,-5.151422054596267,0.4146981627296588,0.7585459873354569,0.21555511314613526,0.6325459317585301,381,17.31843230452047,0.1899696048632219,2.0,1.0,0,0.6719160104986877,0.9002624671916011
R11_BREADTH250_0.2_0.7,False,reserved,delay1,full10,275,13.558689677354696,40.461304473797654,-5.844239072439716,0.3927272727272727,0.8439665013695877,0.26328728751677194,0.6509090909090909,275,15.571396009005412,0.1899696048632219,2.0,1.0,0,0.6981818181818182,0.92
R11_HORIZON_BAG,False,full,base,all,461,6.569301074240519,69.76377912668413,3.055298745437419,0.6052060737527115,0.45872795808705696,0.1368045543387245,0.6563981042654028,422,36.96762790571645,0.28163322869054047,16.0,0.9154013015184381,39,0.39913232104121477,0.806941431670282
R11_HORIZON_BAG,False,full,base,primary,370,7.6496993345231745,94.95791815219712,2.932332282200412,0.6162162162162163,0.4756122142429079,0.1449950946690473,0.6864864864864865,370,40.59474590067556,0.28242076484149065,16.0,1.0,0,0.4648648648648649,0.9432432432432433
R11_HORIZON_BAG,False,full,base,full10,275,7.418021499291472,104.43666056716702,1.6456471757143598,0.5818181818181818,0.4760895257462669,0.12584783310558578,0.6836363636363636,275,39.994941684331586,0.2827676175608658,16.0,1.0,0,0.45454545454545453,0.9563636363636364
R11_HORIZON_BAG,False,full,cost2x,all,461,6.439756055588242,67.22167293491272,2.9632237778042025,0.6030368763557483,0.45108265646389734,0.13079937034935202,0.6516587677725119,422,36.96762790571645,0.28159684322166084,16.0,0.9154013015184381,39,0.3926247288503254,0.8004338394793926
R11_HORIZON_BAG,False,full,cost2x,primary,370,7.487464067821237,91.87765957587804,2.8060186376100185,0.6135135135135135,0.46647972652452807,0.13864763562663057,0.6810810810810811,370,40.594745900675576,0.28238117528344553,16.0,1.0,0,0.45675675675675675,0.9351351351351351
R11_HORIZON_BAG,False,full,cost2x,full10,275,7.247914459969129,101.22436066783168,1.5078918221835602,0.5781818181818181,0.4665173831542582,0.12122457014448862,0.68,275,40.14177687881679,0.2827278565677026,16.0,1.0,0,0.44727272727272727,0.9490909090909091
R11_HORIZON_BAG,False,full,delay1,all,461,6.768190519787676,76.64774659616378,3.102083751609963,0.6225596529284165,0.4640947669922387,0.14908786862800086,0.6872037914691943,422,36.27450186334277,0.2811599400818257,16.0,0.9154013015184381,39,0.42950108459869846,0.8112798264642083
R11_HORIZON_BAG,False,full,delay1,primary,370,7.941453120788411,99.56231429690685,2.8196460917597537,0.6378378378378379,0.4782287441145844,0.15332843274356184,0.7162162162162162,370,40.47719123755033,0.2822443311876189,16.0,1.0,0,0.5,0.9405405405405406
R11_HORIZON_BAG,False,full,delay1,full10,275,7.783798173416434,111.5008022638372,1.928078704198466,0.610909090909091,0.485783420798589,0.14894352006121103,0.7236363636363636,275,39.593000502518116,0.28257782102373913,16.0,1.0,0,0.48727272727272725,0.9563636363636364
R11_HORIZON_BAG,False,reserved,base,all,461,8.126371571355161,22.131098202581747,-5.719270097858178,0.3947939262472885,0.594318326444822,0.0508232993915293,0.5284360189573459,422,16.4943096707431,0.19675045259283377,6.0,0.9154013015184381,39,0.5032537960954447,0.735357917570499
R11_HORIZON_BAG,False,reserved,base,primary,381,10.21738269124488,29.6875439207978,-7.125216071863827,0.3569553805774278,0.6351767492949126,0.06954416669524793,0.5406824146981627,381,17.492490602155144,0.19681903912010493,6.0,1.0,0,0.5879265091863517,0.8503937007874016
R11_HORIZON_BAG,False,reserved,base,full10,275,10.21738269124488,29.6875439207978,-8.237312681246744,0.3418181818181818,0.6807896910165139,0.0988098503854441,0.5381818181818182,275,15.978886273148795,0.19685884632545195,6.0,1.0,0,0.5963636363636363,0.8690909090909091
R11_HORIZON_BAG,False,reserved,cost2x,all,461,7.91762148066284,21.76525330946877,-5.837032154223886,0.3926247288503254,0.5843736296160837,0.04452050773424904,0.5284360189573459,422,16.494309670743114,0.1967440607354421,6.0,0.9154013015184381,39,0.4924078091106291,0.7266811279826464
R11_HORIZON_BAG,False,reserved,cost2x,primary,381,9.970178960164745,28.911747017730093,-7.214330870820007,0.3543307086614173,0.6224178101230811,0.057439849429925915,0.5406824146981627,381,17.492490602155144,0.19681256862324667,6.0,1.0,0,0.5748031496062992,0.8398950131233596
R11_HORIZON_BAG,False,reserved,cost2x,full10,275,9.970178960164745,28.911747017730093,-8.3456637564427,0.3418181818181818,0.6638516907571682,0.0902559128474189,0.5381818181818182,275,15.978886273148806,0.1968524308943309,6.0,1.0,0,0.5854545454545454,0.8545454545454545
R11_HORIZON_BAG,False,reserved,delay1,all,461,8.051403098224874,21.77464625433936,-6.217515692290987,0.39913232104121477,0.5938111373085013,0.057680030610903946,0.533175355450237,422,16.431911292559008,0.19567268585773198,6.0,0.9154013015184381,39,0.5032537960954447,0.7396963123644251
R11_HORIZON_BAG,False,reserved,delay1,primary,381,10.478723447154836,30.510876830571164,-7.57706965922711,0.36220472440944884,0.6273896094606137,0.07640824193039564,0.5406824146981627,381,17.31843230452047,0.1957619321929418,6.0,1.0,0,0.5853018372703412,0.8503937007874016
R11_HORIZON_BAG,False,reserved,delay1,full10,275,10.51883979692645,30.637548910041957,-7.650350623132684,0.3527272727272727,0.7250685388686061,0.10144516650988866,0.5454545454545454,275,15.691670852529072,0.19579927060683996,6.0,1.0,0,0.5927272727272728,0.8727272727272727
R11_BREADTH250_0.15_0.65,False,full,base,all,461,3.7830964322301597,39.357754980237594,0.8271729392943534,0.5292841648590022,0.37630748986966,0.04476480491472476,0.5603448275862069,348,34.761899597514045,0.18203982121088988,3.0,0.754880694143167,113,0.24945770065075923,0.6898047722342733
R11_BREADTH250_0.15_0.65,False,full,base,primary,370,4.891708583653176,58.150848756347116,0.5638848419010745,0.5243243243243243,0.37630748986966,0.04476480491472476,0.5603448275862069,348,38.54456548228906,0.18203982121088988,3.0,0.9405405405405406,22,0.3108108108108108,0.8594594594594595
R11_BREADTH250_0.15_0.65,False,full,base,full10,275,5.118396650131052,64.67925658576983,-0.4045239392202582,0.48727272727272725,0.3783488211953902,0.04133046696079501,0.56,275,38.70102945050653,0.18203982121088988,3.0,1.0,0,0.3090909090909091,0.9272727272727272
R11_BREADTH250_0.15_0.65,False,full,cost2x,all,461,3.689669583255628,38.10916010532872,0.7845973259223324,0.527114967462039,0.370182471907913,0.0406078240599851,0.5574712643678161,348,34.767717515079966,0.18203982121088988,3.0,0.754880694143167,113,0.2472885032537961,0.6876355748373102
R11_BREADTH250_0.15_0.65,False,full,cost2x,primary,370,4.796601700467251,56.73387458617863,0.5006984411981557,0.5216216216216216,0.370182471907913,0.0406078240599851,0.5574712643678161,348,38.54456548228906,0.18203982121088988,3.0,0.9405405405405406,22,0.3081081081081081,0.8567567567567568
R11_BREADTH250_0.15_0.65,False,full,cost2x,full10,275,5.023767747102603,63.20379025233211,-0.4639004952897263,0.48363636363636364,0.3720384667842734,0.03715041505382555,0.5563636363636364,275,38.897285997179964,0.18203982121088988,3.0,1.0,0,0.3054545454545455,0.9236363636363636
R11_BREADTH250_0.15_0.65,False,full,delay1,all,461,2.9912802240093406,31.589441696752708,0.09831169771201687,0.5054229934924078,0.355732424591086,0.009549284407587094,0.5114942528735632,348,35.50931623961291,0.18203982121088988,3.0,0.754880694143167,113,0.19522776572668113,0.6724511930585684
R11_BREADTH250_0.15_0.65,False,full,delay1,primary,370,4.351568105188541,51.00002601414584,-0.2940282386558968,0.4918918918918919,0.355732424591086,0.009549284407587094,0.5114942528735632,348,39.20585570808601,0.18203982121088988,3.0,0.9405405405405406,22,0.24324324324324326,0.8378378378378378
R11_BREADTH250_0.15_0.65,False,full,delay1,full10,275,4.816294947513455,60.01040121186598,-0.8032763265655394,0.45454545454545453,0.36329709210494143,0.004874079135461451,0.5018181818181818,275,39.245043494970844,0.18203982121088988,3.0,1.0,0,0.24363636363636362,0.9163636363636364
R11_BREADTH250_0.15_0.65,False,reserved,base,all,461,0.0,0.0,-14.492498869366033,0.2603036876355748,,,,0,0.0,0.0,0.0,0.0,461,0.0,0.0
R11_BREADTH250_0.15_0.65,False,reserved,base,primary,381,0.0,0.0,-16.5138943611717,0.1968503937007874,,,,0,0.0,0.0,0.0,0.0,381,0.0,0.0
R11_BREADTH250_0.15_0.65,False,reserved,base,full10,275,0.0,0.0,-17.492612970028574,0.1781818181818182,,,,0,0.0,0.0,0.0,0.0,275,0.0,0.0
R11_BREADTH250_0.15_0.65,False,reserved,cost2x,all,461,0.0,0.0,-14.36403065485079,0.2603036876355748,,,,0,0.0,0.0,0.0,0.0,461,0.0,0.0
R11_BREADTH250_0.15_0.65,False,reserved,cost2x,primary,381,0.0,0.0,-16.383158006191167,0.1968503937007874,,,,0,0.0,0.0,0.0,0.0,381,0.0,0.0
R11_BREADTH250_0.15_0.65,False,reserved,cost2x,full10,275,0.0,0.0,-17.360778427538513,0.1781818181818182,,,,0,0.0,0.0,0.0,0.0,275,0.0,0.0
R11_BREADTH250_0.15_0.65,False,reserved,delay1,all,461,0.0,0.0,-14.79095438303828,0.26247288503253796,,,,0,0.0,0.0,0.0,0.0,461,0.0,0.0
R11_BREADTH250_0.15_0.65,False,reserved,delay1,primary,381,0.0,0.0,-16.5138943611717,0.1968503937007874,,,,0,0.0,0.0,0.0,0.0,381,0.0,0.0
R11_BREADTH250_0.15_0.65,False,reserved,delay1,full10,275,0.0,0.0,-17.492612970028574,0.1781818181818182,,,,0,0.0,0.0,0.0,0.0,275,0.0,0.0
R11_weekly_0.2_0.7,False,full,base,all,461,7.245484114895895,83.58069485955613,3.563201721105269,0.6290672451193059,0.4893743062032278,0.15845982686431825,0.7090464547677262,409,36.28790947231253,0.24583502641202762,5.0,0.8872017353579176,52,0.4490238611713666,0.806941431670282
R11_weekly_0.2_0.7,False,full,base,primary,370,8.532901821986073,105.5459144902272,3.41020837725397,0.654054054054054,0.5103448238847794,0.16453804823913187,0.7351351351351352,370,40.151649833200395,0.24583502641202762,5.0,1.0,0,0.5297297297297298,0.9567567567567568
R11_weekly_0.2_0.7,False,full,base,full10,275,7.965918198530453,115.09929692118645,2.266661240119806,0.6218181818181818,0.4985948679846752,0.16120887650225635,0.7345454545454545,275,39.94137308572191,0.24583502641202762,5.0,1.0,0,0.49818181818181817,0.9636363636363636
R11_weekly_0.2_0.7,False,full,cost2x,all,461,7.084626179791487,80.847529639516,3.4319522382050494,0.6247288503253796,0.4823996580588704,0.1512948881516128,0.706601466992665,409,36.44250984454733,0.24583502641202762,5.0,0.8872017353579176,52,0.4403470715835141,0.8026030368763557
R11_weekly_0.2_0.7,False,full,cost2x,primary,370,8.370112883859125,102.8666179271307,3.285216374980787,0.6486486486486487,0.5034981997604344,0.15712773734572985,0.7324324324324324,370,40.16347871031029,0.24583502641202762,5.0,1.0,0,0.518918918918919,0.9513513513513514
R11_weekly_0.2_0.7,False,full,cost2x,full10,275,7.803979681432027,111.89688003497808,2.1342274242303505,0.6145454545454545,0.4921535731338244,0.1541984539727931,0.730909090909091,275,39.9413730857219,0.24583502641202762,5.0,1.0,0,0.48363636363636364,0.9563636363636364
R11_weekly_0.2_0.7,False,full,delay1,all,461,7.3221913391608995,82.30961064659417,3.40797214172075,0.631236442516269,0.491860406903099,0.17032369618983345,0.7017114914425427,409,35.81485532433276,0.24542868752539618,5.0,0.8872017353579176,52,0.44685466377440347,0.806941431670282
R11_weekly_0.2_0.7,False,full,delay1,primary,370,8.465212317502601,107.82473907497342,3.3707604026681492,0.6594594594594595,0.5007584525889025,0.17839487227671416,0.727027027027027,370,39.4330988495327,0.24542868752539618,5.0,1.0,0,0.5297297297297298,0.9513513513513514
R11_weekly_0.2_0.7,False,full,delay1,full10,275,8.128223884025122,118.3526127477725,2.2652713642205446,0.6327272727272727,0.5151505351072494,0.17032369618983345,0.7454545454545455,275,38.897285997179964,0.24542868752539618,5.0,1.0,0,0.5127272727272727,0.9636363636363636
R11_weekly_0.2_0.7,False,reserved,base,all,461,10.512720591565806,29.740581965949954,-3.9448533568420263,0.4403470715835141,0.7678217808523999,0.18107395285272473,0.6259168704156479,409,16.31229184486356,0.1838905775075988,2.0,0.8872017353579176,52,0.5704989154013015,0.7570498915401301
R11_weekly_0.2_0.7,False,reserved,base,primary,381,13.141576919218156,39.04792662243022,-4.73987289451705,0.4199475065616798,0.8023483510834218,0.22481439777615964,0.6404199475065617,381,17.31843230452046,0.1838905775075988,2.0,1.0,0,0.6719160104986877,0.8871391076115486
R11_weekly_0.2_0.7,False,reserved,base,full10,275,13.40485090031227,39.9534144157417,-5.351146626899771,0.4072727272727273,0.8765403995853561,0.2534131490057693,0.6690909090909091,275,15.444018259100433,0.1838905775075988,2.0,1.0,0,0.6981818181818182,0.9127272727272727
R11_weekly_0.2_0.7,False,reserved,cost2x,all,461,10.264854454709859,28.98783077513183,-3.9366751401143985,0.43817787418655096,0.7585808544257591,0.17207331457139252,0.6185819070904646,409,16.413795669735965,0.1838905775075988,2.0,0.8872017353579176,52,0.561822125813449,0.754880694143167
R11_weekly_0.2_0.7,False,reserved,cost2x,primary,381,12.88781458816124,38.25487516920234,-4.851457564096618,0.41732283464566927,0.7889816886622025,0.21885018297485792,0.6325459317585301,381,17.31843230452047,0.1838905775075988,2.0,1.0,0,0.6614173228346457,0.884514435695538
R11_weekly_0.2_0.7,False,reserved,cost2x,full10,275,13.150498078818785,39.11620659920845,-5.466539275688742,0.4036363636363636,0.8668190940650398,0.24587841467589794,0.6581818181818182,275,15.444018259100446,0.1838905775075988,2.0,1.0,0,0.6909090909090909,0.9090909090909091
R11_weekly_0.2_0.7,False,reserved,delay1,all,461,9.205627002773099,26.222762958327483,-4.699726143899241,0.4121475054229935,0.70883336297905,0.1542305501406751,0.60880195599022,409,16.310984156025853,0.182370820668693,2.0,0.8872017353579176,52,0.5422993492407809,0.7418655097613883
R11_weekly_0.2_0.7,False,reserved,delay1,primary,381,11.925313759882483,34.9342819545049,-6.036760093916115,0.3884514435695538,0.7292810295455046,0.16892906313232237,0.6220472440944882,381,17.26065824318801,0.182370820668693,2.0,1.0,0,0.6377952755905512,0.863517060367454
R11_weekly_0.2_0.7,False,reserved,delay1,full10,275,12.489987669608382,36.95677958872541,-6.322819133273883,0.37454545454545457,0.8082026411336323,0.22338088680763943,0.6545454545454545,275,15.364705444811843,0.182370820668693,2.0,1.0,0,0.6654545454545454,0.8981818181818182
R11_MARKET_BAG,False,full,base,all,461,5.416027390243605,57.208222104108316,1.7483088401369584,0.5748373101952278,0.3972520048899846,0.06724351298727338,0.5907990314769975,413,40.53201587855519,0.3544834892955961,10.0,0.89587852494577,48,0.3297180043383948,0.7787418655097614
R11_MARKET_BAG,False,full,base,primary,370,6.573297171961256,74.48400697370147,1.676473722275551,0.5864864864864865,0.4028266625529451,0.07683776706370651,0.6135135135135135,370,43.96735182153549,0.3592814952182811,10.0,1.0,0,0.3783783783783784,0.9162162162162162
R11_MARKET_BAG,False,full,base,full10,275,6.192082145686939,82.28157463090815,0.7703100615972236,0.5527272727272727,0.39963707782009383,0.06273404999465204,0.610909090909091,275,43.15273437431008,0.36171270744369827,10.0,1.0,0,0.3490909090909091,0.9272727272727272
R11_MARKET_BAG,False,full,cost2x,all,461,5.244103673106504,54.867692533240245,1.6264919753592344,0.5683297180043384,0.39124309748701624,0.06117208867933693,0.5786924939467313,413,40.54879092191486,0.35445176220193514,10.0,0.89587852494577,48,0.32537960954446854,0.7700650759219089
R11_MARKET_BAG,False,full,cost2x,primary,370,6.429423145562696,72.24865737052463,1.5461038163983591,0.5783783783783784,0.3959577014690352,0.07093497114806699,0.6,370,44.01970156965613,0.35925010635891574,10.0,1.0,0,0.372972972972973,0.9081081081081082
R11_MARKET_BAG,False,full,cost2x,full10,275,6.032804212453935,79.56775082488929,0.6396753903787902,0.5418181818181819,0.39470201415706335,0.05666954337799712,0.5963636363636363,275,43.1895695138393,0.3616815559924879,10.0,1.0,0,0.3490909090909091,0.9163636363636364
R11_MARKET_BAG,False,full,delay1,all,461,5.50236052764892,60.4612181104272,1.831292080301572,0.5943600867678959,0.40313919023073813,0.0824021153061999,0.612590799031477,413,39.39953224824215,0.3532598106208386,10.0,0.89587852494577,48,0.3470715835140998,0.7765726681127982
R11_MARKET_BAG,False,full,delay1,primary,370,6.833765824406946,80.8540365846368,1.7976256205667007,0.6081081081081081,0.4117461518630078,0.0922027578384172,0.6351351351351351,370,43.55156497261406,0.35884792614929506,10.0,1.0,0,0.3972972972972973,0.9135135135135135
R11_MARKET_BAG,False,full,delay1,full10,275,6.562053560087366,88.72823688091994,1.0463517077360596,0.5745454545454546,0.406362582171111,0.07510223419436135,0.64,275,43.06325737896145,0.3608184542091791,10.0,1.0,0,0.36,0.9309090909090909
R11_MARKET_BAG,False,reserved,base,all,461,7.110782177135144,19.221702721929667,-6.509650889042916,0.36225596529284165,0.551532770785042,-0.016064323137533698,0.48184019370460046,413,18.370606730230865,0.2703606134996013,4.0,0.89587852494577,48,0.47288503253796094,0.7093275488069414
R11_MARKET_BAG,False,reserved,base,primary,381,9.176089383239884,26.43933390577542,-8.102136856731269,0.32545931758530183,0.5804461639528676,-0.007093271763896611,0.49081364829396323,381,19.760684175538458,0.2721413361527344,4.0,1.0,0,0.5511811023622047,0.8241469816272966
R11_MARKET_BAG,False,reserved,base,full10,275,9.274392689990796,26.743779201812256,-8.554836067945825,0.3018181818181818,0.5816949730700416,-0.012258702796771492,0.48363636363636364,275,18.724276747586078,0.27351744101290093,4.0,1.0,0,0.5527272727272727,0.8436363636363636
R11_MARKET_BAG,False,reserved,cost2x,all,461,6.870546160396507,18.508512966353628,-6.536251238064339,0.3579175704989154,0.5411978287355942,-0.0259307020328422,0.4794188861985472,413,18.442087887846846,0.27039970428716253,4.0,0.89587852494577,48,0.4598698481561822,0.702819956616052
R11_MARKET_BAG,False,reserved,cost2x,primary,381,8.931221142121482,25.68296794568017,-8.209526110190634,0.32020997375328086,0.5692084712044452,-0.015961914141264757,0.4881889763779528,381,19.880802911802643,0.2721806283941051,4.0,1.0,0,0.5354330708661418,0.8188976377952756
R11_MARKET_BAG,False,reserved,cost2x,full10,275,9.029303966915636,25.98559203583499,-8.673072155009809,0.29454545454545455,0.5706361717713613,-0.0259307020328422,0.48,275,18.739900431164013,0.2735570662107729,4.0,1.0,0,0.5309090909090909,0.84
R11_MARKET_BAG,False,reserved,delay1,all,461,7.954670205112646,21.34332092366755,-6.04776945541925,0.3774403470715835,0.5826800841523441,0.013524488416643443,0.5108958837772397,413,18.127240529799092,0.2701115768553106,4.0,0.89587852494577,48,0.49891540130151846,0.7223427331887202
R11_MARKET_BAG,False,reserved,delay1,primary,381,10.1813937579321,29.574419030851384,-7.007576541629003,0.34120734908136485,0.632238814986982,0.02004053005803308,0.5223097112860893,381,19.542949372384612,0.2719419806790439,4.0,1.0,0,0.5800524934383202,0.8398950131233596
R11_MARKET_BAG,False,reserved,delay1,full10,275,10.269597103525419,29.85178060129634,-7.716465629773239,0.32,0.6592040158724505,0.02004053005803308,0.5127272727272727,275,18.22224419058812,0.27297739083370026,4.0,1.0,0,0.5781818181818181,0.8618181818181818
R11_INITIAL_0.2_0.7,False,full,base,all,461,7.829002859091649,78.94299121957809,3.524860683353115,0.6052060737527115,0.45860753779533314,0.12755984706131984,0.6442516268980477,461,40.6980529329551,0.3307598537180008,6.0,1.0,0,0.49023861171366595,0.8308026030368764
R11_INITIAL_0.2_0.7,False,full,base,primary,370,8.51524688906321,112.52136640194645,3.8603612476574067,0.6432432432432432,0.479839785815853,0.1500306523463687,0.7081081081081081,370,42.05607546932435,0.3307598537180008,6.0,1.0,0,0.5378378378378378,0.9378378378378378
R11_INITIAL_0.2_0.7,False,full,base,full10,275,8.029765423950174,116.37383290382277,2.703230291326042,0.6145454545454545,0.4731578916231792,0.14066763533059903,0.7127272727272728,275,40.89426761237496,0.3307598537180008,6.0,1.0,0,0.5054545454545455,0.9636363636363636
R11_INITIAL_0.2_0.7,False,full,cost2x,all,461,7.617026841559316,75.7508274533383,3.358010331432193,0.6030368763557483,0.4490602838661531,0.11957389577651029,0.6268980477223427,461,40.89426761237497,0.3307598537180008,6.0,1.0,0,0.4750542299349241,0.8264642082429501
R11_INITIAL_0.2_0.7,False,full,cost2x,primary,370,8.318552047151895,109.45219625201517,3.695333303517601,0.6405405405405405,0.4700129078370756,0.1429238434303155,0.6864864864864865,370,42.23789488326449,0.3307598537180008,6.0,1.0,0,0.5216216216216216,0.9351351351351351
R11_INITIAL_0.2_0.7,False,full,cost2x,full10,275,7.835353461756078,112.51394040593534,2.545769466911696,0.610909090909091,0.4660849705417192,0.13436408585598786,0.6909090909090909,275,41.18312694120599,0.3307598537180008,6.0,1.0,0,0.4909090909090909,0.96
R11_INITIAL_0.2_0.7,False,full,delay1,all,461,8.151606718738735,85.52396744854957,3.970596994893416,0.6182212581344902,0.473453185550595,0.14428503877069437,0.6572668112798264,461,40.312422217470065,0.3303535148313694,6.0,1.0,0,0.5097613882863341,0.8394793926247288
R11_INITIAL_0.2_0.7,False,full,delay1,primary,370,8.915873363223014,123.20957442440859,4.339619205803036,0.6567567567567567,0.49999480117468675,0.1772279569564816,0.7189189189189189,370,41.93099479985547,0.3303535148313694,6.0,1.0,0,0.5594594594594594,0.9378378378378378
R11_INITIAL_0.2_0.7,False,full,delay1,full10,275,8.52770019936302,126.54930696833814,3.5386644359829855,0.6363636363636364,0.49554379684602484,0.17590256811091792,0.7345454545454545,275,40.99421067557578,0.3303535148313694,6.0,1.0,0,0.5381818181818182,0.96
R11_INITIAL_0.2_0.7,False,reserved,base,all,461,9.900413009837417,26.019210419216087,-4.708561168716107,0.3947939262472885,0.6240975494774004,0.06353819788779247,0.5357917570498916,461,18.541680102071133,0.1884498480243161,2.0,1.0,0,0.5553145336225597,0.7787418655097614
R11_INITIAL_0.2_0.7,False,reserved,base,primary,381,11.37330046411742,33.353903326725856,-6.043381312126449,0.3884514435695538,0.6806163397383248,0.11298599102401423,0.5721784776902887,381,18.089177320331995,0.1884498480243161,2.0,1.0,0,0.6141732283464567,0.8661417322834646
R11_INITIAL_0.2_0.7,False,reserved,base,full10,275,11.209539602755259,32.83059179957284,-7.456755429091832,0.36727272727272725,0.7425449576162989,0.1172061112203121,0.5781818181818181,275,15.978886273148795,0.1884498480243161,2.0,1.0,0,0.6181818181818182,0.8909090909090909
R11_INITIAL_0.2_0.7,False,reserved,cost2x,all,461,9.653920201898147,25.33576058413938,-4.808675520342643,0.3947939262472885,0.6151283955967437,0.05453461590775577,0.5336225596529284,461,18.588731161115433,0.1884498480243161,2.0,1.0,0,0.5466377440347071,0.7765726681127982
R11_INITIAL_0.2_0.7,False,reserved,cost2x,primary,381,11.123504154813224,32.55617409163405,-6.157221365555299,0.3884514435695538,0.6742030648602697,0.10307628851809097,0.5695538057742782,381,18.08931976445486,0.1884498480243161,2.0,1.0,0,0.6062992125984252,0.863517060367454
R11_INITIAL_0.2_0.7,False,reserved,cost2x,full10,275,10.96011058847246,32.03599303830935,-7.566857196060183,0.36727272727272725,0.7324967227981973,0.10615690745582196,0.5781818181818181,275,16.008415423631895,0.1884498480243161,2.0,1.0,0,0.6072727272727273,0.8909090909090909
R11_INITIAL_0.2_0.7,False,reserved,delay1,all,461,10.516867543490061,25.70168774202792,-4.431843436674999,0.3926247288503254,0.6240686530560687,0.06794845498317986,0.5509761388286334,461,18.440464900220544,0.18693009118541035,2.0,1.0,0,0.5726681127982647,0.7917570498915402
R11_INITIAL_0.2_0.7,False,reserved,delay1,primary,381,11.594114913725084,34.06157424857197,-6.809129225340559,0.38320209973753283,0.698624078262715,0.11190356424585679,0.5853018372703412,381,17.831817757558575,0.18693009118541035,2.0,1.0,0,0.6325459317585301,0.8713910761154856
R11_INITIAL_0.2_0.7,False,reserved,delay1,full10,275,11.91651127871416,35.09900989660408,-7.206854947848228,0.36363636363636365,0.7650773072779248,0.12205561943338872,0.5890909090909091,275,15.444018259100433,0.18693009118541035,2.0,1.0,0,0.64,0.8981818181818182
R10_BREADTH200_0.2_0.7,False,full,base,all,461,6.451002582604892,70.8573023688652,3.0346507738483575,0.6052060737527115,0.4646713024277849,0.12347889907767123,0.6479217603911981,409,36.85289590954217,0.24989841527834214,5.0,0.8872017353579176,52,0.3969631236442516,0.7960954446854663
R10_BREADTH200_0.2_0.7,False,full,base,primary,370,7.433585222628725,90.99829799831684,2.9700334530102244,0.6216216216216216,0.4679777223044577,0.13333666810695258,0.6756756756756757,370,40.548781620613326,0.24989841527834214,5.0,1.0,0,0.4648648648648649,0.9378378378378378
R10_BREADTH200_0.2_0.7,False,full,base,full10,275,6.886878276560693,94.55659477701359,1.4813029962851498,0.5854545454545454,0.4646713024277849,0.10118463126979754,0.6654545454545454,275,40.41738554663513,0.24989841527834214,5.0,1.0,0,0.41454545454545455,0.9454545454545454
R10_BREADTH200_0.2_0.7,False,full,cost2x,all,461,6.291336293562022,68.81926386136013,2.9185358740778433,0.596529284164859,0.4564088033396799,0.11832974265417223,0.6430317848410758,409,36.95455010159323,0.24989841527834214,5.0,0.8872017353579176,52,0.39045553145336226,0.7939262472885033
R10_BREADTH200_0.2_0.7,False,full,cost2x,primary,370,7.275316191946923,88.43701127564609,2.835958672040584,0.6108108108108108,0.46044629720990365,0.1272474969832921,0.6702702702702703,370,40.61039982281176,0.24989841527834214,5.0,1.0,0,0.45675675675675675,0.9351351351351351
R10_BREADTH200_0.2_0.7,False,full,cost2x,full10,275,6.726558215802658,91.66001941226298,1.3535389150981736,0.5709090909090909,0.4553059431457202,0.0942658181480251,0.6581818181818182,275,40.56554736267143,0.24989841527834214,5.0,1.0,0,0.4072727272727273,0.9418181818181818
R10_BREADTH200_0.2_0.7,False,full,delay1,all,461,6.52121774997505,70.89218745604614,3.48965640208041,0.6117136659436009,0.46853005664566416,0.13827178586104727,0.6674816625916871,409,36.84159550908292,0.2494920763917107,5.0,0.8872017353579176,52,0.41865509761388287,0.7960954446854663
R10_BREADTH200_0.2_0.7,False,full,delay1,primary,370,7.860672738947027,98.11710662775545,3.1944774413854677,0.6270270270270271,0.48118036858114976,0.146133718842421,0.6918918918918919,370,40.61151164273368,0.2494920763917107,5.0,1.0,0,0.4918918918918919,0.9324324324324325
R10_BREADTH200_0.2_0.7,False,full,delay1,full10,275,7.374580475865944,103.61196302377222,1.9361449153800336,0.5927272727272728,0.4730285272649245,0.13649335656293365,0.6981818181818182,275,40.14177687881679,0.2494920763917107,5.0,1.0,0,0.4690909090909091,0.9381818181818182
R10_BREADTH200_0.2_0.7,False,reserved,base,all,461,8.916079381066066,25.09438839805651,-5.076196047544279,0.41431670281995664,0.6658325895192416,0.09192240733674173,0.5574572127139364,409,16.4943096707431,0.1884498480243161,2.0,0.8872017353579176,52,0.5227765726681128,0.7462039045553145
R10_BREADTH200_0.2_0.7,False,reserved,base,primary,381,11.209539602755259,32.83059179957284,-6.051782693531749,0.3858267716535433,0.6806163397383248,0.11298599102401423,0.5748031496062992,381,17.54967613700238,0.1884498480243161,2.0,1.0,0,0.6141732283464567,0.8713910761154856
R10_BREADTH200_0.2_0.7,False,reserved,base,full10,275,11.209539602755259,32.83059179957284,-7.456755429091832,0.36727272727272725,0.7425449576162989,0.1172061112203121,0.5781818181818181,275,15.978886273148795,0.1884498480243161,2.0,1.0,0,0.6181818181818182,0.8909090909090909
R10_BREADTH200_0.2_0.7,False,reserved,cost2x,all,461,8.671794309689961,24.346067964371443,-5.034827646677642,0.41431670281995664,0.6514458620702975,0.07875734263576462,0.5550122249388753,409,16.4943096707431,0.1884498480243161,2.0,0.8872017353579176,52,0.5162689804772235,0.7440347071583514
R10_BREADTH200_0.2_0.7,False,reserved,cost2x,primary,381,10.96011058847246,32.03599303830935,-6.177927599386823,0.3858267716535433,0.6742030648602697,0.10307628851809097,0.5721784776902887,381,17.569030804301033,0.1884498480243161,2.0,1.0,0,0.6062992125984252,0.868766404199475
R10_BREADTH200_0.2_0.7,False,reserved,cost2x,full10,275,10.96011058847246,32.03599303830935,-7.566857196060183,0.36727272727272725,0.7324967227981973,0.10615690745582196,0.5781818181818181,275,16.008415423631895,0.1884498480243161,2.0,1.0,0,0.6072727272727273,0.8909090909090909
R10_BREADTH200_0.2_0.7,False,reserved,delay1,all,461,8.896163263849433,25.233250113469396,-5.236768058452725,0.4121475054229935,0.6697180066267677,0.09188298751191126,0.5721271393643031,409,16.310984156025853,0.18693009118541035,2.0,0.8872017353579176,52,0.5314533622559653,0.7505422993492408
R10_BREADTH200_0.2_0.7,False,reserved,delay1,primary,381,11.569513674500765,33.98261562845937,-6.839904754670425,0.3805774278215223,0.696538940385828,0.11190356424585679,0.5853018372703412,381,17.31843230452047,0.18693009118541035,2.0,1.0,0,0.6246719160104987,0.8740157480314961
R10_BREADTH200_0.2_0.7,False,reserved,delay1,full10,275,11.91651127871416,35.09900989660408,-7.206854947848228,0.36363636363636365,0.7650773072779248,0.12205561943338872,0.5890909090909091,275,15.444018259100433,0.18693009118541035,2.0,1.0,0,0.64,0.8981818181818182
R11_FIXED_0.2_0.7,False,full,base,all,461,4.415908661151402,44.49711952550972,0.9807269891478398,0.5422993492407809,0.3780521280382425,0.04548273245703449,0.5525672371638142,409,38.67229331148544,0.27102803738317754,5.0,0.8872017353579176,52,0.29067245119305857,0.7505422993492408
R11_FIXED_0.2_0.7,False,full,base,primary,370,5.716496653237979,66.87855578360737,0.8525453183397147,0.5378378378378378,0.38026028069778856,0.04385183663122286,0.5540540540540541,370,42.086549073577416,0.27102803738317754,5.0,1.0,0,0.32972972972972975,0.8729729729729729
R11_FIXED_0.2_0.7,False,full,base,full10,275,5.619228667918352,72.69008505460175,-0.16492955438400791,0.49818181818181817,0.37991565392704685,0.034826401884397507,0.5418181818181819,275,41.42856547533383,0.27102803738317754,5.0,1.0,0,0.3018181818181818,0.8909090909090909
R11_FIXED_0.2_0.7,False,full,cost2x,all,461,4.24731769978357,42.41044871005209,0.8841728220742446,0.5401301518438177,0.3678782836905427,0.03710758986312712,0.5452322738386308,409,38.70130400696684,0.27102803738317754,5.0,0.8872017353579176,52,0.2885032537960954,0.7462039045553145
R11_FIXED_0.2_0.7,False,full,cost2x,primary,370,5.566259654701444,64.39405345079275,0.7479717432666844,0.5351351351351351,0.3742806957484798,0.03653982427638658,0.5459459459459459,370,42.142919254145056,0.27102803738317754,5.0,1.0,0,0.327027027027027,0.8675675675675676
R11_FIXED_0.2_0.7,False,full,cost2x,full10,275,5.460809959932078,70.11906017272018,-0.29367472407033635,0.49454545454545457,0.37426709367455674,0.028632965216847883,0.5345454545454545,275,41.48172622587089,0.27102803738317754,5.0,1.0,0,0.3018181818181818,0.8836363636363637
R11_FIXED_0.2_0.7,False,full,delay1,all,461,5.110007548604756,53.93001594148532,1.4893022389590893,0.559652928416486,0.4143885063555015,0.08168255086466092,0.5990220048899756,409,38.174806259876405,0.2706216984965461,5.0,0.8872017353579176,52,0.3188720173535792,0.7505422993492408
R11_FIXED_0.2_0.7,False,full,delay1,primary,370,6.597854271398318,78.79253473729347,1.4647135063401868,0.5675675675675675,0.42097182309828113,0.0894498441670821,0.6162162162162163,370,41.73646364994583,0.2706216984965461,5.0,1.0,0,0.3675675675675676,0.8864864864864865
R11_FIXED_0.2_0.7,False,full,delay1,full10,275,6.611180247595705,89.59951113980786,1.063002426822159,0.5490909090909091,0.42879606107943374,0.09001121487466233,0.6290909090909091,275,41.10426815509416,0.2706216984965461,5.0,1.0,0,0.36,0.9236363636363636
R11_FIXED_0.2_0.7,False,reserved,base,all,461,4.595974093072286,12.302900137483274,-8.096345100853796,0.3383947939262473,0.4706650468771089,-0.12723919430837216,0.43031784841075793,409,18.053601866900394,0.20364741641337386,2.0,0.8872017353579176,52,0.3969631236442516,0.6572668112798264
R11_FIXED_0.2_0.7,False,reserved,base,primary,381,6.851520018011903,19.3730087340642,-10.07353935331954,0.2887139107611549,0.474376506018345,-0.1295806074157249,0.4225721784776903,381,19.619617226838816,0.20364741641337386,2.0,1.0,0,0.46194225721784776,0.7585301837270341
R11_FIXED_0.2_0.7,False,reserved,base,full10,275,7.053005933239098,19.97544922921297,-10.136685910434974,0.2727272727272727,0.4965456524380464,-0.1004873888532761,0.43636363636363634,275,18.127240529799103,0.20364741641337386,2.0,1.0,0,0.4763636363636364,0.7745454545454545
R11_FIXED_0.2_0.7,False,reserved,cost2x,all,461,4.361378474664224,11.631098979884126,-8.182475010847146,0.33405639913232105,0.4561373162803313,-0.13661136180295047,0.4180929095354523,409,18.127240529799092,0.20364741641337386,2.0,0.8872017353579176,52,0.3839479392624729,0.6507592190889371
R11_FIXED_0.2_0.7,False,reserved,cost2x,primary,381,6.6118654936975885,18.65891385890548,-10.175181350457274,0.28346456692913385,0.4606313880619785,-0.13857116444554574,0.4094488188976378,381,19.685553930493448,0.20364741641337386,2.0,1.0,0,0.4461942257217848,0.7506561679790026
R11_FIXED_0.2_0.7,False,reserved,cost2x,full10,275,6.812899501350977,19.257750527069128,-10.250272542941884,0.2727272727272727,0.4825753902463201,-0.10975710145773618,0.41818181818181815,275,18.173757829971628,0.20364741641337386,2.0,1.0,0,0.4581818181818182,0.7672727272727272
R11_FIXED_0.2_0.7,False,reserved,delay1,all,461,5.002832548029379,13.90128085497009,-8.208814040355119,0.3405639913232104,0.4620314859083253,-0.09245454708192313,0.43276283618581907,409,18.053601866900394,0.20364741641337386,2.0,0.8872017353579176,52,0.40997830802603036,0.6464208242950108
R11_FIXED_0.2_0.7,False,reserved,delay1,primary,381,7.621693395637896,21.68606962664288,-10.01677959294831,0.2992125984251969,0.4898679987087357,-0.08642065606688165,0.4356955380577428,381,19.56514246712088,0.20364741641337386,2.0,1.0,0,0.4776902887139108,0.7532808398950132
R11_FIXED_0.2_0.7,False,reserved,delay1,full10,275,8.088276092869574,23.100892684935893,-9.521032961681685,0.2872727272727273,0.5607528614976162,-0.03995277720750419,0.4618181818181818,275,18.127240529799103,0.20364741641337386,2.0,1.0,0,0.5054545454545455,0.7963636363636364
R11_MARKET_CORE0.5,False,full,base,all,461,6.318148464413587,61.006860027674634,1.601800658465578,0.6052060737527115,0.3792299271203644,0.02082576243293177,0.5574837310195228,461,48.16452407633609,0.5900249048364046,6.0,1.0,0,0.4164859002169197,0.824295010845987
R11_MARKET_CORE0.5,False,full,base,primary,370,7.207176883967925,85.38867644005593,1.5752986232971389,0.6216216216216216,0.40143843262292966,0.05372667695764194,0.6648648648648648,370,50.89378622193483,0.5998624321347533,6.0,1.0,0,0.43783783783783786,0.9108108108108108
R11_MARKET_CORE0.5,False,full,base,full10,275,7.207074429871385,100.45993216798395,0.7640404918149324,0.5854545454545454,0.40760914593959285,0.05027842429813345,0.6763636363636364,275,49.166444427369136,0.6156723102310097,6.0,1.0,0,0.43272727272727274,0.9381818181818182
R11_MARKET_CORE0.5,False,full,cost2x,all,461,6.219502697655943,59.832282022318914,1.552229672115435,0.596529284164859,0.37555219529333334,0.018857107459336997,0.5574837310195228,461,48.200683703428204,0.5902107669354043,6.0,1.0,0,0.40997830802603036,0.8156182212581344
R11_MARKET_CORE0.5,False,full,cost2x,primary,370,7.102282460784348,83.75640545969293,1.5003893460834643,0.6108108108108108,0.39819276054407965,0.04943245269220159,0.6648648648648648,370,50.978445179264604,0.6003231480462767,6.0,1.0,0,0.4297297297297297,0.9
R11_MARKET_CORE0.5,False,full,cost2x,full10,275,7.09840019240604,98.43852106045222,0.6963179209965586,0.5709090909090909,0.40416602550647196,0.04767808333018042,0.6763636363636364,275,49.26557631965041,0.6164838888646741,6.0,1.0,0,0.4290909090909091,0.9272727272727272
R11_MARKET_CORE0.5,False,full,delay1,all,461,6.541619236881258,63.98278954106236,1.8704322989705915,0.6117136659436009,0.38634769038652855,0.02816526280209819,0.5683297180043384,461,47.74971266665433,0.5887580865336842,6.0,1.0,0,0.42733188720173537,0.8156182212581344
R11_MARKET_CORE0.5,False,full,delay1,primary,370,6.999421472065581,87.89808872662314,1.6987221502097976,0.6270270270270271,0.4073931865476137,0.05668645872369471,0.672972972972973,370,50.32519356733487,0.5967609562534326,6.0,1.0,0,0.4486486486486487,0.9
R11_MARKET_CORE0.5,False,full,delay1,full10,275,7.050588779449352,97.55502303707718,1.006307882097257,0.5927272727272728,0.4156265493613268,0.05768388346311715,0.6945454545454546,275,49.04069304343661,0.6154004770143976,6.0,1.0,0,0.45454545454545453,0.9418181818181818
R11_MARKET_CORE0.5,False,reserved,base,all,461,12.869024562590802,35.17868693578965,-2.543882428836164,0.41431670281995664,0.613252257416788,0.014886063757078516,0.527114967462039,461,30.089256288475895,0.6015542620746058,3.0,1.0,0,0.6334056399132321,0.8004338394793926
R11_MARKET_CORE0.5,False,reserved,base,primary,381,14.601788851836407,43.935472891156515,-2.962983203036785,0.3858267716535433,0.6870655309112408,0.05642334762498391,0.6141732283464567,381,29.74245753845438,0.6069292195728849,3.0,1.0,0,0.7007874015748031,0.8713910761154856
R11_MARKET_CORE0.5,False,reserved,base,full10,275,14.601788851836407,43.935472891156515,-3.622258510009946,0.36727272727272725,0.7072142704520702,0.0828506876564728,0.6472727272727272,275,26.09226152635943,0.6077505487174749,3.0,1.0,0,0.7236363636363636,0.8945454545454545
R11_MARKET_CORE0.5,False,reserved,cost2x,all,461,12.663094782344952,34.64422127998841,-2.467336017216848,0.41431670281995664,0.6092908256376561,0.010580184267274917,0.5227765726681128,461,30.130684289320918,0.6018112968489905,3.0,1.0,0,0.6268980477223427,0.7939262472885033
R11_MARKET_CORE0.5,False,reserved,cost2x,primary,381,14.403316593701486,43.27034248632056,-3.0232975365587684,0.3858267716535433,0.6811708698272729,0.053300510549105895,0.6089238845144357,381,29.827140315926016,0.6072148862154264,3.0,1.0,0,0.6929133858267716,0.863517060367454
R11_MARKET_CORE0.5,False,reserved,cost2x,full10,275,14.40575967597999,43.278518152012424,-3.6739734272354543,0.36727272727272725,0.7030515834926967,0.07915307100588143,0.6472727272727272,275,26.154269897092064,0.6080369517523375,3.0,1.0,0,0.7127272727272728,0.8836363636363637
R11_MARKET_CORE0.5,False,reserved,delay1,all,461,12.91040794175582,34.64458232872578,-2.5714309950016343,0.4121475054229935,0.6228596955934033,0.00766244960368756,0.5140997830802603,461,29.906031478558525,0.6025755934460489,3.0,1.0,0,0.6334056399132321,0.7982646420824295
R11_MARKET_CORE0.5,False,reserved,delay1,primary,381,14.528386725774212,43.68925926720566,-3.3347976975600897,0.3805774278215223,0.6800410164215025,0.054496138327710664,0.5958005249343832,381,29.663617789318796,0.6059943497546958,3.0,1.0,0,0.7007874015748031,0.868766404199475
R11_MARKET_CORE0.5,False,reserved,delay1,full10,275,14.648703947383602,44.09297895309743,-3.5044093503402642,0.36363636363636365,0.7070711430566444,0.09195688376769157,0.64,275,25.860513392850603,0.606150898962262,3.0,1.0,0,0.7272727272727273,0.8909090909090909
R11_MARKET_CORE0.75,False,full,base,all,461,7.248764545540154,74.82673493303544,2.3333974805141082,0.6052060737527115,0.4321145364810611,0.04928317100619306,0.5726681127982647,461,41.16019575743213,0.4118788002019616,6.0,1.0,0,0.4490238611713666,0.8373101952277657
R11_MARKET_CORE0.75,False,full,base,primary,370,7.8135937651364955,93.47231749284748,2.2924775166835,0.6216216216216216,0.4536419755342793,0.09827579938712325,0.6702702702702703,370,43.36723793621834,0.42058598640214495,6.0,1.0,0,0.4864864864864865,0.9324324324324325
R11_MARKET_CORE0.75,False,full,base,full10,275,7.309423173206464,102.38060931943932,1.1281389360098704,0.5854545454545454,0.4496489521421296,0.08470642480449164,0.68,275,43.06325737896146,0.4340189816953592,6.0,1.0,0,0.4509090909090909,0.9490909090909091
R11_MARKET_CORE0.75,False,full,cost2x,all,461,7.06309862295198,72.68032176351902,2.2556533295822856,0.596529284164859,0.4265112797263029,0.044290103735930564,0.5661605206073753,461,41.18420652381612,0.4122160792691544,6.0,1.0,0,0.44468546637744033,0.8329718004338394
R11_MARKET_CORE0.75,False,full,cost2x,primary,370,7.684456182559119,91.02206439299577,2.1863638230267934,0.6108108108108108,0.44879068971450436,0.09407867508572254,0.6621621621621622,370,43.517155716378724,0.42114757728888735,6.0,1.0,0,0.4810810810810811,0.9297297297297298
R11_MARKET_CORE0.75,False,full,cost2x,full10,275,7.190872126413672,100.15738825446311,1.0295243530930698,0.5709090909090909,0.4441709722600721,0.0775405451930139,0.6690909090909091,275,43.06976844149495,0.4346804300821893,6.0,1.0,0,0.44363636363636366,0.9490909090909091
R11_MARKET_CORE0.75,False,full,delay1,all,461,7.46971017793836,75.0232614510661,2.7115722492559335,0.6117136659436009,0.43720117839872236,0.06306148056622901,0.5900216919739696,461,40.609301979679145,0.4095159460785587,6.0,1.0,0,0.4598698481561822,0.841648590021692
R11_MARKET_CORE0.75,False,full,delay1,primary,370,8.054515273651507,99.29324546133734,2.4687311846054216,0.6270270270270271,0.4632765082997893,0.10536411046747707,0.6918918918918919,370,42.825192065199516,0.4192941787248012,6.0,1.0,0,0.5,0.9405405405405406
R11_MARKET_CORE0.75,False,full,delay1,full10,275,7.681671570451454,109.50668611335081,1.4800131002278931,0.5927272727272728,0.4626154823904286,0.1015338095280699,0.7018181818181818,275,42.3373705515219,0.4329859585348709,6.0,1.0,0,0.4690909090909091,0.9563636363636364
R11_MARKET_CORE0.75,False,reserved,base,all,461,11.615625121002848,31.86509251943246,-3.8114966986723786,0.41431670281995664,0.6612248604304515,0.05241938242498012,0.5401301518438177,461,21.84244246774516,0.3983066535544062,3.0,1.0,0,0.6052060737527115,0.8199566160520607
R11_MARKET_CORE0.75,False,reserved,base,primary,381,13.579078121785093,40.52870219285065,-4.490787724876498,0.3858267716535433,0.7124228149114297,0.12264435862715761,0.6272965879265092,381,22.0362296848319,0.4032579234103952,3.0,1.0,0,0.6745406824146981,0.9028871391076115
R11_MARKET_CORE0.75,False,reserved,base,full10,275,13.455096776468167,40.119171747476145,-5.510955954983142,0.36727272727272725,0.7587787602220611,0.136299143261716,0.6545454545454545,275,20.215894894157383,0.40428498849615147,3.0,1.0,0,0.6872727272727273,0.9309090909090909
R11_MARKET_CORE0.75,False,reserved,cost2x,all,461,11.400387331938976,31.24520771885568,-3.7379017164505646,0.41431670281995664,0.6531770445984668,0.04718676978852475,0.5379609544468547,461,21.912560312408957,0.3985266299684269,3.0,1.0,0,0.5986984815618221,0.8156182212581344
R11_MARKET_CORE0.75,False,reserved,cost2x,primary,381,13.359606294629177,39.80426093558804,-4.583268877652234,0.3858267716535433,0.7011179668639048,0.11526125538690268,0.6246719160104987,381,22.086955243768603,0.4034813902181979,3.0,1.0,0,0.6666666666666666,0.9002624671916011
R11_MARKET_CORE0.75,False,reserved,cost2x,full10,275,13.24741678633734,39.43484596223894,-5.590931480208171,0.36727272727272725,0.7409170856997682,0.12750928706946052,0.6509090909090909,275,20.290540495916876,0.40451023604489267,3.0,1.0,0,0.68,0.9272727272727272
R11_MARKET_CORE0.75,False,reserved,delay1,all,461,11.600360101804096,32.62295392891521,-3.891804023164269,0.4121475054229935,0.6682672994691972,0.05057890635467266,0.5379609544468547,461,21.52789178629425,0.3988660797131436,3.0,1.0,0,0.596529284164859,0.806941431670282
R11_MARKET_CORE0.75,False,reserved,delay1,primary,381,13.625593614602405,40.682543375317806,-5.064648976926847,0.3805774278215223,0.7260425456644752,0.12391518019085701,0.6246719160104987,381,21.90611856400593,0.40250088896068875,3.0,1.0,0,0.6640419947506562,0.8923884514435696
R11_MARKET_CORE0.75,False,reserved,delay1,full10,275,13.689210163508946,40.89311362656822,-5.32905871213165,0.36363636363636365,0.7770647571227274,0.16695643080030131,0.6545454545454545,275,19.684715910537285,0.403730488773751,3.0,1.0,0,0.6763636363636364,0.9236363636363636
R11_MARKET_STOCK_BLEND,False,full,base,all,461,5.890300590940911,54.23737549683021,1.9559270235517845,0.5704989154013015,0.4364752328252619,0.09636427352469941,0.6182212581344902,461,33.43994518165767,0.2796257545929284,17.0,1.0,0,0.3796095444685466,0.8568329718004338
R11_MARKET_STOCK_BLEND,False,full,base,primary,370,6.246036870151217,74.41732039663916,1.6991811005036874,0.5702702702702702,0.4451955038500165,0.11550407330143604,0.6621621621621622,370,37.399754696207836,0.2859511603327971,18.0,1.0,0,0.3837837837837838,0.9243243243243243
R11_MARKET_STOCK_BLEND,False,full,base,full10,275,5.890300590940911,77.1706098565814,0.18754939289671313,0.52,0.44806485438140076,0.10309543907473201,0.6545454545454545,275,36.12706574440774,0.2832133454506698,19.0,1.0,0,0.36363636363636365,0.9490909090909091
R11_MARKET_STOCK_BLEND,False,full,cost2x,all,461,5.727605925310519,52.348667412555216,1.8036784646929815,0.559652928416486,0.42245882645337135,0.08708528939051108,0.6073752711496746,461,33.64792744622994,0.2794641155056238,17.0,1.0,0,0.37093275488069416,0.8546637744034707
R11_MARKET_STOCK_BLEND,False,full,cost2x,primary,370,6.051146295478482,70.89898308639599,1.524625116659406,0.5567567567567567,0.43529068939711224,0.10372917475571726,0.6513513513513514,370,37.546443352900184,0.2858199160645377,18.0,1.0,0,0.372972972972973,0.9216216216216216
R11_MARKET_STOCK_BLEND,False,full,cost2x,full10,275,5.727605925310519,74.46906026283078,0.0485836284754404,0.5054545454545455,0.4368931166917534,0.0944359415042823,0.6436363636363637,275,36.19591465932414,0.28310955004378163,19.0,1.0,0,0.3490909090909091,0.9454545454545454
R11_MARKET_STOCK_BLEND,False,full,delay1,all,461,5.954123891155949,55.00099070351925,2.2063893404987276,0.5726681127982647,0.4456177145221712,0.09755189415144105,0.6399132321041214,461,34.005055687049754,0.27859240221125553,17.0,1.0,0,0.38177874186550975,0.8524945770065075
R11_MARKET_STOCK_BLEND,False,full,delay1,primary,370,6.439396323757851,73.87843372407565,1.8590349935559527,0.5675675675675675,0.45856811022785526,0.11494020614805234,0.6837837837837838,370,36.662550393035346,0.28532325922628915,18.0,1.0,0,0.3864864864864865,0.927027027027027
R11_MARKET_STOCK_BLEND,False,full,delay1,full10,275,6.290910842074582,83.98394665363804,0.677349805875127,0.5272727272727272,0.4638785177643851,0.11655334445921994,0.68,275,35.66049862189972,0.28220579343330165,19.0,1.0,0,0.37454545454545457,0.9490909090909091
R11_MARKET_STOCK_BLEND,False,reserved,base,all,461,9.205440333935888,24.842547271294713,-6.508980881700509,0.3752711496746204,0.7115990671794418,0.11080672370514383,0.5943600867678959,461,15.377814985468985,0.2176381146808558,5.0,1.0,0,0.561822125813449,0.8308026030368764
R11_MARKET_STOCK_BLEND,False,reserved,base,primary,381,9.587573522292182,27.716757355053325,-8.01853441757168,0.3359580052493438,0.7678800017112535,0.14606578798037045,0.6299212598425197,381,15.804589991838014,0.2174094655318297,6.0,1.0,0,0.6089238845144357,0.889763779527559
R11_MARKET_STOCK_BLEND,False,reserved,base,full10,275,9.541567523492645,27.573535866423747,-9.349678549820474,0.32,0.7905431254639208,0.16851450788396216,0.6472727272727272,275,13.260917293614384,0.19875278417074263,6.0,1.0,0,0.6181818181818182,0.9127272727272727
R11_MARKET_STOCK_BLEND,False,reserved,cost2x,all,461,9.03732289748036,23.919432029474997,-6.643304406141716,0.3752711496746204,0.700105039716352,0.09480376129879509,0.5878524945770065,461,15.396227412184892,0.21753243777337736,5.0,1.0,0,0.5553145336225597,0.8286334056399133
R11_MARKET_STOCK_BLEND,False,reserved,cost2x,primary,381,9.378493825089773,27.066680028180446,-8.104849504533362,0.3359580052493438,0.7543343657481169,0.13204651278247093,0.6246719160104987,381,15.799569057215068,0.21741458649856746,6.0,1.0,0,0.6010498687664042,0.8871391076115486
R11_MARKET_STOCK_BLEND,False,reserved,cost2x,full10,275,9.354082235404192,26.990914028671153,-9.47202963099998,0.32,0.7760145704032728,0.14888871834033945,0.6436363636363637,275,13.333339052175731,0.198660864790001,6.0,1.0,0,0.6072727272727273,0.9127272727272727
R11_MARKET_STOCK_BLEND,False,reserved,delay1,all,461,9.24541893941866,23.680856781769787,-6.151420391267681,0.37310195227765725,0.7246342439518636,0.10923250232322279,0.596529284164859,461,15.165870676801351,0.21721318282442503,5.0,1.0,0,0.544468546637744,0.8286334056399133
R11_MARKET_STOCK_BLEND,False,reserved,delay1,primary,381,10.077229893092365,29.24734628757195,-8.170564195527353,0.32545931758530183,0.7811432951155604,0.14016129752076897,0.6325459317585301,381,15.610918431347653,0.21839874289383765,6.0,1.0,0,0.5853018372703412,0.8923884514435696
R11_MARKET_STOCK_BLEND,False,reserved,delay1,full10,275,10.049610442035451,29.160708437120263,-9.340994476769971,0.3018181818181818,0.8214278782817396,0.17858631258437752,0.6618181818181819,275,13.131312523164528,0.19801884427700372,6.0,1.0,0,0.6,0.92
R11_MARKET_AVOID_LOSS,False,full,base,all,461,4.686105804520491,50.1617617705479,1.6097852260863577,0.5704989154013015,0.42715590500567646,0.08674916779735889,0.6105263157894737,380,33.27649323286843,0.22917513206013815,5.0,0.824295010845987,81,0.31453362255965295,0.7180043383947939
R11_MARKET_AVOID_LOSS,False,full,base,primary,370,6.2791204139206025,73.66189247868306,1.56832114585167,0.5783783783783784,0.43271772914205814,0.09527442842665956,0.6271186440677966,354,37.038737464438356,0.2494920763917107,5.0,0.9567567567567568,16,0.372972972972973,0.8594594594594595
R11_MARKET_AVOID_LOSS,False,full,base,full10,275,6.39925734742548,85.86669726985609,0.968843008064125,0.56,0.4392254764822225,0.08683691634590207,0.64,275,38.67229331148544,0.24989841527834214,5.0,1.0,0,0.3781818181818182,0.92
R11_MARKET_AVOID_LOSS,False,full,cost2x,all,461,4.530783592730536,48.33022707461927,1.5331175188403878,0.5661605206073753,0.4202542527906452,0.08084707174365395,0.6026315789473684,380,33.27649323286843,0.22917513206013815,5.0,0.824295010845987,81,0.31019522776572667,0.7180043383947939
R11_MARKET_AVOID_LOSS,False,full,cost2x,primary,370,6.138104578999693,71.32408233260088,1.4393660697799349,0.572972972972973,0.4246599060004258,0.08756083752781402,0.6186440677966102,354,37.22721984808689,0.2494920763917107,5.0,0.9567567567567568,16,0.3675675675675676,0.8594594594594595
R11_MARKET_AVOID_LOSS,False,full,cost2x,full10,275,6.239668671269993,83.09949784874951,0.8354361221518447,0.5527272727272727,0.43089041599735667,0.08171005857620658,0.6290909090909091,275,38.85600105364549,0.24989841527834214,5.0,1.0,0,0.3709090909090909,0.92
R11_MARKET_AVOID_LOSS,False,full,delay1,all,461,4.829021954723567,51.47962222453253,1.8710518372227147,0.5900216919739696,0.44807774123630134,0.11125525831076938,0.6342105263157894,380,33.14155316295102,0.22917513206013815,5.0,0.824295010845987,81,0.32537960954446854,0.720173535791757
R11_MARKET_AVOID_LOSS,False,full,delay1,primary,370,6.33890690300476,72.46211571352515,1.870618508226285,0.6,0.45120652357174446,0.11883057080043263,0.6497175141242938,354,36.93642855840368,0.2494920763917107,5.0,0.9567567567567568,16,0.3864864864864865,0.8567567567567568
R11_MARKET_AVOID_LOSS,False,full,delay1,full10,275,6.6617827135742935,90.50074162029095,1.6489224549827366,0.5854545454545454,0.4569957176671208,0.11539623373724262,0.6690909090909091,275,37.980914337242645,0.2494920763917107,5.0,1.0,0,0.41454545454545455,0.9163636363636364
R11_MARKET_AVOID_LOSS,False,reserved,base,all,461,6.0451499940016085,16.980931519565633,-6.023886799750622,0.3969631236442516,0.653963579426715,0.06797339179191642,0.547945205479452,365,13.131312523164528,0.1884498480243161,2.0,0.7917570498915402,96,0.43383947939262474,0.6594360086767896
R11_MARKET_AVOID_LOSS,False,reserved,base,primary,381,8.638437289839974,24.78232153592863,-7.523796098818369,0.3648293963254593,0.6658325895192416,0.09457561846537477,0.5623188405797102,345,14.714024396466696,0.1884498480243161,2.0,0.905511811023622,36,0.5144356955380578,0.7769028871391076
R11_MARKET_AVOID_LOSS,False,reserved,base,full10,275,10.096450951580627,29.30766116321668,-7.745027608174793,0.3563636363636364,0.7230172123539896,0.09888822154258592,0.5551330798479087,263,14.344267659835896,0.1884498480243161,2.0,0.9563636363636364,12,0.5563636363636364,0.8436363636363636
R11_MARKET_AVOID_LOSS,False,reserved,cost2x,all,461,5.807304056261398,16.281146161256398,-6.086005693869524,0.3969631236442516,0.6462288273433553,0.05929241137765073,0.5452054794520548,365,13.131312523164528,0.1884498480243161,2.0,0.7917570498915402,96,0.42950108459869846,0.6594360086767896
R11_MARKET_AVOID_LOSS,False,reserved,cost2x,primary,381,8.44942310519141,24.20303746259829,-7.631156849481346,0.3648293963254593,0.6548448231438581,0.07875734263576462,0.5594202898550724,345,14.714024396466696,0.1884498480243161,2.0,0.905511811023622,36,0.5091863517060368,0.7769028871391076
R11_MARKET_AVOID_LOSS,False,reserved,cost2x,full10,275,9.84951845518709,28.53413673642502,-7.845955708737362,0.3563636363636364,0.7084307791841156,0.08329937805089549,0.5551330798479087,263,14.344267659835896,0.1884498480243161,2.0,0.9563636363636364,12,0.5490909090909091,0.8436363636363636
R11_MARKET_AVOID_LOSS,False,reserved,delay1,all,461,5.758326831995841,15.635208776109156,-6.631720774596619,0.3926247288503254,0.6594731058414954,0.08044336170473554,0.5616438356164384,365,12.847685674730268,0.18693009118541035,2.0,0.7917570498915402,96,0.4403470715835141,0.6681127982646421
R11_MARKET_AVOID_LOSS,False,reserved,delay1,primary,381,8.618145003883871,24.720049610665118,-7.876390974320003,0.3569553805774278,0.6692849815933761,0.09786222356719043,0.5739130434782609,345,14.447214082971715,0.18693009118541035,2.0,0.905511811023622,36,0.5223097112860893,0.7847769028871391
R11_MARKET_AVOID_LOSS,False,reserved,delay1,full10,275,10.540363492138493,30.705544202265923,-8.131959841198167,0.34545454545454546,0.7403906460577834,0.09473323469309569,0.5703422053231939,263,14.218458052293514,0.18693009118541035,2.0,0.9563636363636364,12,0.5745454545454546,0.850909090909091
R09_INITIAL_BLEND,False,full,base,all,461,3.5205259274762257,30.988395101735012,-0.00735130078457491,0.49891540130151846,0.3171525216185192,-0.029004428555089338,0.46637744034707157,461,41.05038297645775,0.3455894156441385,12.0,1.0,0,0.27765726681127983,0.737527114967462
R09_INITIAL_BLEND,False,full,base,primary,370,3.7185409742094055,41.323521208928206,-0.5507779201679996,0.4648648648648649,0.32729145047691915,-0.023435156496070975,0.4648648648648649,370,44.65414373171414,0.3402744982095174,13.0,1.0,0,0.25405405405405407,0.772972972972973
R09_INITIAL_BLEND,False,full,base,full10,275,4.024229187527983,48.32958598741772,-1.6381261486213434,0.41818181818181815,0.34160284802138563,-0.024330646555084157,0.4618181818181818,275,41.136354115945906,0.32240160363094866,14.0,1.0,0,0.24363636363636362,0.84
R09_INITIAL_BLEND,False,full,cost2x,all,461,3.3296100528451555,29.084915439504265,-0.22436060881201314,0.49023861171366595,0.3034169722710208,-0.038074001743004064,0.455531453362256,461,41.279219730262405,0.345142328528471,12.0,1.0,0,0.27114967462039047,0.720173535791757
R09_INITIAL_BLEND,False,full,cost2x,primary,370,3.502950747924438,39.30383090752942,-0.7864468431572407,0.4540540540540541,0.3147453289914969,-0.03288989398074796,0.45135135135135135,370,44.73922326004214,0.34032863929803714,13.0,1.0,0,0.24594594594594596,0.7513513513513513
R09_INITIAL_BLEND,False,full,cost2x,full10,275,3.7827248260780433,44.924002375081564,-1.8807796508635728,0.4072727272727273,0.33216123403312575,-0.03752449867569163,0.44363636363636366,275,41.59579245596387,0.32246650690154904,14.0,1.0,0,0.23272727272727273,0.8181818181818182
R09_INITIAL_BLEND,False,full,delay1,all,461,3.510022974788951,31.23967530336813,-0.07888735111856171,0.4967462039045553,0.3027520814061283,-0.01980655871293066,0.4642082429501085,461,40.90838902161737,0.34396714713120813,12.0,1.0,0,0.2950108459869848,0.7266811279826464
R09_INITIAL_BLEND,False,full,delay1,primary,370,3.6139703716071225,39.90696360496876,-0.8118234504151833,0.4648648648648649,0.3096292819527543,-0.019436122277845577,0.45675675675675675,370,45.067008726977065,0.337921293801675,13.0,1.0,0,0.27297297297297296,0.7783783783783784
R09_INITIAL_BLEND,False,full,delay1,full10,275,3.869226638455525,46.13563604051585,-1.51036621624554,0.41454545454545455,0.3302834096438206,-0.027162936409518834,0.4509090909090909,275,41.223067157666584,0.32182707970319696,14.0,1.0,0,0.26181818181818184,0.84
R09_INITIAL_BLEND,False,reserved,base,all,461,5.764362040843718,14.982455332024958,-7.245589818419029,0.3882863340563991,0.5608667666885226,-0.010701942841301548,0.4988662131519274,441,20.26805467088564,0.281258450208655,4.0,0.9566160520607375,20,0.42950108459869846,0.735357917570499
R09_INITIAL_BLEND,False,reserved,base,primary,381,6.385821681261583,17.987829895696407,-9.71337090872413,0.3359580052493438,0.6023827908491276,0.012718340916207937,0.5096952908587258,361,20.154552366249135,0.2650220490773499,4.0,0.94750656167979,20,0.4461942257217848,0.7769028871391076
R09_INITIAL_BLEND,False,reserved,base,full10,275,6.013307807745982,16.887093744639547,-11.00911610740518,0.31272727272727274,0.6344603860309762,0.037780925530198295,0.5254901960784314,255,17.53687506423439,0.21527576600935722,4.0,0.9272727272727272,20,0.43636363636363634,0.7890909090909091
R09_INITIAL_BLEND,False,reserved,cost2x,all,461,5.54494034044799,14.39399773016563,-7.438949923110315,0.3839479392624729,0.5477671352733172,-0.0175972377713578,0.4965986394557823,441,20.340243561289295,0.2812182126012443,4.0,0.9566160520607375,20,0.42516268980477223,0.7331887201735358
R09_INITIAL_BLEND,False,reserved,cost2x,primary,381,6.182525290862828,17.386311931506505,-9.83797349637097,0.33070866141732286,0.588710715013087,0.006245143717631074,0.5069252077562327,361,20.28199772859707,0.2649265631881193,4.0,0.94750656167979,20,0.4409448818897638,0.7742782152230971
R09_INITIAL_BLEND,False,reserved,cost2x,full10,275,5.945265290665747,16.686732804454984,-11.107167167751797,0.31272727272727274,0.615141372273332,0.02716536122733948,0.5215686274509804,255,17.57130208106097,0.21523376004397432,4.0,0.9272727272727272,20,0.43272727272727274,0.7854545454545454
R09_INITIAL_BLEND,False,reserved,delay1,all,461,6.14622302767287,15.541822086183132,-6.832029712367206,0.38611713665943603,0.5702578825955235,0.01158260706641523,0.5170068027210885,441,20.387829823718462,0.2809456888507997,4.0,0.9566160520607375,20,0.4490238611713666,0.7310195227765727
R09_INITIAL_BLEND,False,reserved,delay1,primary,381,6.863397713467467,19.408470272772504,-9.096156767983857,0.3333333333333333,0.6166286772093712,0.025760359805632627,0.5263157894736842,361,20.176985714690353,0.2623554860410988,4.0,0.94750656167979,20,0.4671916010498688,0.7821522309711286
R09_INITIAL_BLEND,False,reserved,delay1,full10,275,6.475950014969878,18.255119432813814,-10.279471698452491,0.31272727272727274,0.6666718969166204,0.05806217238690245,0.5450980392156862,255,17.525768099181626,0.21587338154572416,4.0,0.9272727272727272,20,0.4581818181818182,0.8
R05_MAX126_avoid_loss_L365,False,full,base,all,461,2.1833259617337397,17.404231224748635,-1.3279094458073963,0.4360086767895879,0.29745085133050375,-0.04807026921456474,0.43005181347150256,386,40.12694971835889,0.27387240958959774,6.0,0.8373101952277657,75,0.1822125813449024,0.5835140997830802
R05_MAX126_avoid_loss_L365,False,full,base,primary,370,3.48803319960439,38.88570885865131,-1.396874388381319,0.41621621621621624,0.30455790386261317,-0.04973928184930458,0.42045454545454547,352,44.91876319443111,0.28931328728159283,7.0,0.9513513513513514,18,0.2,0.6918918918918919
R05_MAX126_avoid_loss_L365,False,full,base,full10,275,4.190039545515356,50.70928691549253,-1.5502079280213295,0.38545454545454544,0.3278417001110998,-0.039835865851987395,0.42700729927007297,274,44.92645991279709,0.3035351483136936,8.0,0.9963636363636363,1,0.21454545454545454,0.7854545454545454
R05_MAX126_avoid_loss_L365,False,full,cost2x,all,461,1.816935183227364,15.03838613426527,-1.4568573154460251,0.42950108459869846,0.28394044767304044,-0.05891404057289844,0.41968911917098445,386,40.4522683317758,0.27387240958959774,6.0,0.8373101952277657,75,0.16702819956616052,0.5704989154013015
R05_MAX126_avoid_loss_L365,False,full,cost2x,primary,370,3.212794190893664,36.47800222053445,-1.6323851294091316,0.4081081081081081,0.29266151325170076,-0.06073308680429397,0.4090909090909091,352,45.2238868562525,0.28931328728159283,7.0,0.9513513513513514,18,0.1837837837837838,0.6756756756756757
R05_MAX126_avoid_loss_L365,False,full,cost2x,full10,275,3.9797874881818407,47.6975345508222,-1.827164260305414,0.37454545454545457,0.3167398725606027,-0.05125697192100161,0.41605839416058393,274,45.24061103161069,0.3035351483136936,8.0,0.9963636363636363,1,0.19272727272727272,0.7636363636363637
R05_MAX126_avoid_loss_L365,False,full,delay1,all,461,1.827707066114237,16.465720025077466,-1.1231676834475124,0.44468546637744033,0.28278633448232016,-0.051691270756600016,0.43523316062176165,386,40.00797734807826,0.27342549923195086,6.0,0.8373101952277657,75,0.175704989154013,0.5856832971800434
R05_MAX126_avoid_loss_L365,False,full,delay1,primary,370,3.4140318454126906,38.623218223443075,-1.2719055249907407,0.4189189189189189,0.3002174950789338,-0.05641042112163422,0.42613636363636365,352,44.26982455045328,0.2889069483949614,7.0,0.9513513513513514,18,0.1945945945945946,0.6918918918918919
R05_MAX126_avoid_loss_L365,False,full,delay1,full10,275,4.115703650957259,49.63820630645217,-1.725344347664481,0.3927272727272727,0.3327858835322398,-0.046185270219109203,0.43795620437956206,274,44.56373734331933,0.3035351483136936,8.0,0.9963636363636363,1,0.21454545454545454,0.7927272727272727
R05_MAX126_avoid_loss_L365,False,reserved,base,all,461,0.4579104502876685,1.228291226994127,-10.298241952291765,0.3470715835140998,0.5253935341607323,-0.0269624042103071,0.4891640866873065,323,14.780297064044523,0.1534954407294833,1.0,0.7006507592190889,138,0.3036876355748373,0.5097613882863341
R05_MAX126_avoid_loss_L365,False,reserved,base,primary,381,3.3226024740252047,9.126935697639205,-11.194580631949869,0.30971128608923887,0.5504856878259512,-0.031926188075406925,0.47796610169491527,295,16.580866778801852,0.16869300911854104,2.0,0.7742782152230971,86,0.3438320209973753,0.5905511811023622
R05_MAX126_avoid_loss_L365,False,reserved,base,full10,275,5.3082843384339995,14.821468739659572,-11.847554780177749,0.3018181818181818,0.6126640949590845,-0.029964067869703903,0.4841628959276018,221,16.04921266581365,0.16717325227963525,2.0,0.8036363636363636,54,0.38545454545454544,0.6727272727272727
R05_MAX126_avoid_loss_L365,False,reserved,cost2x,all,461,0.26182436815294086,0.7011644064661038,-10.315955056972248,0.34273318872017355,0.504538683770269,-0.03558082166720472,0.48297213622291024,323,14.827440350208377,0.1534954407294833,1.0,0.7006507592190889,138,0.2928416485900217,0.5097613882863341
R05_MAX126_avoid_loss_L365,False,reserved,cost2x,primary,381,3.1891407815624273,8.750679458757249,-11.296484930325867,0.30446194225721784,0.5260327896874739,-0.04908073892499354,0.4711864406779661,295,16.61778969047254,0.16869300911854104,2.0,0.7742782152230971,86,0.3333333333333333,0.5905511811023622
R05_MAX126_avoid_loss_L365,False,reserved,cost2x,full10,275,5.072091097708631,14.134601387862688,-11.831877695473757,0.29454545454545455,0.5942971573093812,-0.03665527847964234,0.4796380090497738,221,16.049212665813638,0.16717325227963525,2.0,0.8036363636363636,54,0.3709090909090909,0.6727272727272727
R05_MAX126_avoid_loss_L365,False,reserved,delay1,all,461,1.9736937215679706,5.044366685469814,-10.501043002834408,0.3579175704989154,0.5208335095933619,0.013559023425994965,0.5258358662613982,329,14.780297064044523,0.1519756838905775,1.0,0.7136659436008677,132,0.32537960954446854,0.5336225596529284
R05_MAX126_avoid_loss_L365,False,reserved,delay1,primary,381,4.455067057919004,12.352399384952783,-11.602577502778066,0.31496062992125984,0.5739418127910497,0.010849860968893954,0.5182724252491694,301,16.580866778801852,0.16717325227963525,2.0,0.7900262467191601,80,0.37270341207349084,0.6167979002624672
R05_MAX126_avoid_loss_L365,False,reserved,delay1,full10,275,5.574123560341815,15.597636091404432,-11.88843385218401,0.31272727272727274,0.6667716242841499,0.03389539472309949,0.5446428571428571,224,16.049212665813638,0.16717325227963525,2.0,0.8145454545454546,51,0.41454545454545455,0.6909090909090909
R07_META_reversal_504_utility,False,full,base,all,461,3.9733741923591026,32.57567626882525,0.0,0.39045553145336226,0.30842122299236874,0.0,0.34273318872017355,461,57.39687374362848,0.6164160910199106,8.0,1.0,0,0.351409978308026,0.6507592190889371
R07_META_reversal_504_utility,False,full,base,primary,370,4.277555828868063,49.93262022007474,-0.6273857167056742,0.46756756756756757,0.3096657301067243,-0.04064271410257264,0.41081081081081083,370,58.40263117571255,0.5822046676975992,9.0,1.0,0,0.34324324324324323,0.7
R07_META_reversal_504_utility,False,full,base,full10,275,5.033582727946406,63.35627178601333,-0.962046315184061,0.45454545454545453,0.32701190895995685,-0.03163750829912604,0.41818181818181815,275,55.44418614660385,0.568061763510768,10.0,1.0,0,0.36,0.7781818181818182
R07_META_reversal_504_utility,False,full,cost2x,all,461,3.7587045694531307,30.9033573165745,0.0,0.3665943600867679,0.2961262789734806,0.0,0.3318872017353579,461,57.86712260565863,0.6164160910199106,8.0,1.0,0,0.3470715835140998,0.6442516268980477
R07_META_reversal_504_utility,False,full,cost2x,primary,370,3.949374920319837,46.37706839956665,-0.8987942929219996,0.43783783783783786,0.2986609162687541,-0.049675635084447806,0.3972972972972973,370,58.64349366225399,0.5822046676975992,9.0,1.0,0,0.34054054054054056,0.6918918918918919
R07_META_reversal_504_utility,False,full,cost2x,full10,275,4.655882916028498,57.58003203040192,-1.2248250499414581,0.4254545454545455,0.31514376808158,-0.040759564234589485,0.4,275,55.73855300837259,0.568061763510768,10.0,1.0,0,0.3563636363636364,0.7672727272727272
R07_META_reversal_504_utility,False,full,delay1,all,461,3.9883838732941657,33.584972053234054,0.0,0.3774403470715835,0.3037538173917452,0.0,0.3665943600867679,461,57.23127757235695,0.6170966110268084,8.0,1.0,0,0.36225596529284165,0.6724511930585684
R07_META_reversal_504_utility,False,full,delay1,primary,370,4.164675358309832,47.82930405199615,-0.9540030365104861,0.45135135135135135,0.30786359286162523,-0.04668388594089998,0.43783783783783786,370,57.80350225116828,0.5819413712257719,9.0,1.0,0,0.3567567567567568,0.7297297297297297
R07_META_reversal_504_utility,False,full,delay1,full10,275,5.1852249830220964,65.72847346707779,-1.0316728923185141,0.44363636363636366,0.33638003341969597,-0.036046912233022255,0.4509090909090909,275,54.568530834222564,0.568061763510768,10.0,1.0,0,0.3781818181818182,0.8
R07_META_reversal_504_utility,False,reserved,base,all,461,8.604086129605214,22.337739117791266,-2.596629422569008,0.2754880694143167,0.4876122743482794,-0.046388564415168254,0.28695652173913044,460,35.320601841614106,0.4726443768996961,3.0,0.9978308026030369,1,0.5119305856832972,0.665943600867679
R07_META_reversal_504_utility,False,reserved,base,primary,381,9.320309126371274,26.88194621985811,-8.715495327354807,0.3333333333333333,0.5008714275477837,-0.20973027200493602,0.3473684210526316,380,32.29450871209749,0.41793313069908816,3.0,0.9973753280839895,1,0.5406824146981627,0.7139107611548556
R07_META_reversal_504_utility,False,reserved,base,full10,275,9.787761654199878,28.341135293308085,-9.507565550358498,0.31272727272727274,0.5266087706684007,-0.2236447274970219,0.33090909090909093,275,28.17072915223261,0.4072948328267477,3.0,1.0,0,0.56,0.7527272727272727
R07_META_reversal_504_utility,False,reserved,cost2x,all,461,8.170204675275539,21.511335963689238,-2.704773053011411,0.27114967462039047,0.4727252694869155,-0.06368276536404374,0.2847826086956522,460,35.33333107098364,0.4726443768996961,3.0,0.9978308026030369,1,0.5054229934924078,0.6594360086767896
R07_META_reversal_504_utility,False,reserved,cost2x,primary,381,8.829129708203087,25.36845929996645,-9.065402636237717,0.32808398950131235,0.4855656122683566,-0.21656607926491006,0.3447368421052632,380,32.65305985911896,0.41793313069908816,3.0,0.9973753280839895,1,0.5354330708661418,0.7060367454068242
R07_META_reversal_504_utility,False,reserved,cost2x,full10,275,9.349426078197109,26.976465972659035,-9.634161708052535,0.31272727272727274,0.5151265496774261,-0.23331269578018993,0.33090909090909093,275,28.235820131433975,0.4072948328267477,3.0,1.0,0,0.56,0.7454545454545455
R07_META_reversal_504_utility,False,reserved,delay1,all,461,8.586843461393023,22.130757434479452,-2.523740743545087,0.279826464208243,0.4996747527846802,-0.03852386922464394,0.2891304347826087,460,35.32060184161412,0.4726443768996961,3.0,0.9978308026030369,1,0.5075921908893709,0.6681127982646421
R07_META_reversal_504_utility,False,reserved,delay1,primary,381,10.14662767706711,29.46519661973579,-8.010022424968998,0.33858267716535434,0.5273510922429789,-0.16985511531755187,0.35,380,32.095572523711404,0.41793313069908816,3.0,0.9973753280839895,1,0.5354330708661418,0.7191601049868767
R07_META_reversal_504_utility,False,reserved,delay1,full10,275,10.424391638791807,30.339440355525184,-8.976805963943123,0.3236363636363636,0.5589169896478353,-0.18612498317285323,0.33454545454545453,275,28.08023029298379,0.40577507598784196,3.0,1.0,0,0.5490909090909091,0.7563636363636363
R02_RSI14_25_75,False,full,base,all,461,2.500198360545025,20.64594541882647,-1.9726166701253174,0.42516268980477223,0.2702842090350456,-0.055216934507210644,0.4265402843601896,422,48.63492043299378,0.35397489539748955,4.0,0.9154013015184381,39,0.23427331887201736,0.5878524945770065
R02_RSI14_25_75,False,full,base,primary,370,3.0833506037041714,33.899076616473856,-2.301388344666066,0.3945945945945946,0.26971805716901265,-0.08148649497341495,0.3902439024390244,369,52.27927510587803,0.36387647297846404,4.0,0.9972972972972973,1,0.22972972972972974,0.6594594594594595
R02_RSI14_25_75,False,full,base,full10,275,4.12595345709259,49.785483942218555,-2.5199633414301648,0.3709090909090909,0.3180094398970095,-0.06215466467051671,0.4036363636363636,275,49.72408404501234,0.3571718813490451,5.0,1.0,0,0.24,0.7527272727272727
R02_RSI14_25_75,False,full,cost2x,all,461,2.346457898723764,19.295593499963903,-2.1196237341718938,0.41865509761388287,0.26476258902142286,-0.06007586945949872,0.4194312796208531,422,48.63492043299378,0.35397489539748955,4.0,0.9154013015184381,39,0.22342733188720174,0.5878524945770065
R02_RSI14_25_75,False,full,cost2x,primary,370,2.929789420601847,32.69938951730906,-2.4152839164478745,0.3864864864864865,0.26408523332549044,-0.09001669187185243,0.3821138211382114,369,52.39732033533414,0.36387647297846404,4.0,0.9972972972972973,1,0.21621621621621623,0.6594594594594595
R02_RSI14_25_75,False,full,cost2x,full10,275,3.998148570189497,47.95837209007825,-2.584285314787693,0.36363636363636365,0.3112702695554454,-0.06970034273985634,0.3927272727272727,275,49.8746860404861,0.3571718813490451,5.0,1.0,0,0.22181818181818183,0.7527272727272727
R02_RSI14_25_75,False,full,delay1,all,461,2.4534489041203145,20.29051633646175,-1.6451494771485766,0.4164859002169197,0.2722092214493562,-0.06391845267867974,0.3909952606635071,422,48.600053819779006,0.3531084924827306,4.0,0.9154013015184381,39,0.227765726681128,0.596529284164859
R02_RSI14_25_75,False,full,delay1,primary,370,3.141238145587777,34.70754323306971,-2.339115614382248,0.3783783783783784,0.2729479486729852,-0.08588104820727235,0.35772357723577236,369,52.379804695264596,0.36387647297846404,4.0,0.9972972972972973,1,0.22162162162162163,0.6702702702702703
R02_RSI14_25_75,False,full,delay1,full10,275,3.8100570986606686,45.305865736000506,-2.7085363439576238,0.36,0.3069736809093549,-0.07882345658869791,0.36727272727272725,275,49.19612670201167,0.35676554246241365,5.0,1.0,0,0.23272727272727273,0.7672727272727272
R02_RSI14_25_75,False,reserved,base,all,461,3.5295297353849175,9.126935697639205,-8.963511761762156,0.3470715835140998,0.4901208537274705,-0.028129255367301653,0.4763157894736842,380,21.9251263220834,0.24007561436672967,1.0,0.824295010845987,81,0.37310195227765725,0.5921908893709328
R02_RSI14_25_75,False,reserved,base,primary,381,5.399666350350674,14.924172722451923,-10.940642738054795,0.30708661417322836,0.5124776115084193,-0.05577539721245879,0.4526627218934911,338,22.579780543437767,0.2507598784194529,2.0,0.8871391076115486,43,0.4120734908136483,0.6719160104986877
R02_RSI14_25_75,False,reserved,base,full10,275,6.0120199602548,16.88329949594445,-11.194580631949869,0.2909090909090909,0.5633687156936987,-0.02982435375474432,0.46443514644351463,239,18.53931663256049,0.22644376899696048,2.0,0.8690909090909091,36,0.4218181818181818,0.6981818181818182
R02_RSI14_25_75,False,reserved,cost2x,all,461,3.413362702906375,8.474133306630826,-9.066387986372604,0.34490238611713664,0.47949862430612744,-0.036384777308330354,0.4710526315789474,380,22.007433292286514,0.24007561436672967,1.0,0.824295010845987,81,0.3644251626898048,0.5921908893709328
R02_RSI14_25_75,False,reserved,cost2x,primary,381,5.186122075122701,14.358726239621976,-11.058110809582946,0.30446194225721784,0.502563385662434,-0.059671357803595504,0.4467455621301775,338,22.579780543437767,0.2507598784194529,2.0,0.8871391076115486,43,0.4015748031496063,0.6719160104986877
R02_RSI14_25_75,False,reserved,cost2x,full10,275,5.893067408289054,16.533174434923083,-11.296484930325867,0.2872727272727273,0.5461776082786701,-0.036643214135086644,0.4560669456066946,239,18.5393166325605,0.22644376899696048,2.0,0.8690909090909091,36,0.4109090909090909,0.6981818181818182
R02_RSI14_25_75,False,reserved,delay1,all,461,4.448394898411756,11.813755229873092,-8.94851335904545,0.3644251626898048,0.5066931214577894,0.01400339548581897,0.5052631578947369,380,21.890502907417375,0.24007561436672967,1.0,0.824295010845987,81,0.3796095444685466,0.6095444685466378
R02_RSI14_25_75,False,reserved,delay1,primary,381,5.877190401989374,16.486491751143227,-10.501043002834408,0.3228346456692913,0.5185410069831229,-0.00812355329790021,0.4911242603550296,338,22.459683258237085,0.2507598784194529,2.0,0.8871391076115486,43,0.4199475065616798,0.6902887139107612
R02_RSI14_25_75,False,reserved,delay1,full10,275,6.214099447830779,17.47960808307578,-10.828247206867514,0.3090909090909091,0.6149489522085342,0.01778318371311327,0.5062761506276151,239,18.521048041393684,0.22492401215805471,2.0,0.8690909090909091,36,0.43636363636363634,0.7163636363636363
R01_RSI14_30_70_T0,False,full,base,all,461,2.9421866346113656,24.431274072720164,-1.5853325846464705,0.39913232104121477,0.27283200580912964,-0.07427143426275404,0.4108352144469526,443,49.60092773454936,0.42015440877691995,8.0,0.9609544468546638,18,0.2646420824295011,0.6203904555314533
R01_RSI14_30_70_T0,False,full,base,primary,370,3.3403161225771805,36.205965693522984,-1.7754006765398733,0.3621621621621622,0.2702762241603767,-0.08405239511949399,0.3621621621621622,370,53.83220007920886,0.4219829337667615,9.0,1.0,0,0.24054054054054055,0.6648648648648648
R01_RSI14_30_70_T0,False,full,base,full10,275,3.841591461152283,45.747561974006715,-1.8117267925939595,0.33090909090909093,0.29287047498789964,-0.07490576933671422,0.36363636363636365,275,49.84212897834934,0.41527834213734255,10.0,1.0,0,0.2545454545454545,0.7345454545454545
R01_RSI14_30_70_T0,False,full,cost2x,all,461,2.549772185414567,21.25187184652595,-1.7897785193153881,0.3969631236442516,0.2606460376440091,-0.08288139708913636,0.39954853273137697,443,49.87754586285267,0.42015440877691995,8.0,0.9609544468546638,18,0.24945770065075923,0.6095444685466378
R01_RSI14_30_70_T0,False,full,cost2x,primary,370,3.056848946978852,32.57776164034334,-1.968659674518719,0.35945945945945945,0.2571503830664366,-0.09311991077960524,0.34864864864864864,370,54.03962774379573,0.4219829337667615,9.0,1.0,0,0.22702702702702704,0.6513513513513514
R01_RSI14_30_70_T0,False,full,cost2x,full10,275,3.592499741752442,42.291256011030455,-2.1026541430559043,0.32727272727272727,0.2839127354168658,-0.08563599879478534,0.34545454545454546,275,50.03069457897773,0.41527834213734255,10.0,1.0,0,0.23636363636363636,0.72
R01_RSI14_30_70_T0,False,full,delay1,all,461,2.7043137319382904,20.267838822213257,-2.331754185250823,0.3969631236442516,0.26306537972925237,-0.08002107114747722,0.39954853273137697,443,49.87754586285267,0.42015440877691995,8.0,0.9609544468546638,18,0.23427331887201736,0.6160520607375272
R01_RSI14_30_70_T0,False,full,delay1,primary,370,3.302879980933482,33.213889055150005,-2.5495947088845843,0.3675675675675676,0.26192766828496794,-0.09526537828582282,0.3675675675675676,370,54.96330187394918,0.42177976432344577,9.0,1.0,0,0.21621621621621623,0.6648648648648648
R01_RSI14_30_70_T0,False,full,delay1,full10,275,3.912036626847204,46.73864253814401,-2.5789113077758117,0.3418181818181818,0.2866505731664993,-0.08090379512769452,0.37454545454545457,275,50.1994272352523,0.4148720032507111,10.0,1.0,0,0.2290909090909091,0.7418181818181818
R01_RSI14_30_70_T0,False,reserved,base,all,461,8.603116955403634,21.633892394861732,-5.562196288757604,0.38611713665943603,0.5553165031615082,0.02668184114472899,0.5204545454545455,440,27.05132652698321,0.3434650455927052,3.0,0.9544468546637744,21,0.5140997830802603,0.7245119305856833
R01_RSI14_30_70_T0,False,reserved,base,primary,381,9.354511411930066,26.900497360097408,-7.003179090285806,0.35170603674540685,0.5911119335701001,-0.006769546162238217,0.49206349206349204,378,27.8447155275673,0.33890577507598785,3.0,0.9921259842519685,3,0.5538057742782152,0.7979002624671916
R01_RSI14_30_70_T0,False,reserved,base,full10,275,9.624919445689084,27.833093079700323,-6.941432201835451,0.3418181818181818,0.6810129461980834,0.03976293306501283,0.5330882352941176,272,23.323618479816943,0.31762917933130697,3.0,0.9890909090909091,3,0.5672727272727273,0.8254545454545454
R01_RSI14_30_70_T0,False,reserved,cost2x,all,461,8.359533819397601,20.795884417782375,-5.682777466226451,0.38177874186550975,0.5402407605285289,0.013638923227223487,0.5159090909090909,440,27.05132652698321,0.3434650455927052,3.0,0.9544468546637744,21,0.5097613882863341,0.7158351409978309
R01_RSI14_30_70_T0,False,reserved,cost2x,primary,381,9.079736220286282,26.099669145923833,-7.23501903760051,0.3464566929133858,0.5764276608184264,-0.02147811995800679,0.48677248677248675,378,27.8447155275673,0.33890577507598785,3.0,0.9921259842519685,3,0.5511811023622047,0.7874015748031497
R01_RSI14_30_70_T0,False,reserved,cost2x,full10,275,9.256313957227903,26.68775499007847,-7.038756798515111,0.33454545454545453,0.6621260524427509,0.027079517385017904,0.5257352941176471,272,23.323618479816954,0.31762917933130697,3.0,0.9890909090909091,3,0.5636363636363636,0.8145454545454546
R01_RSI14_30_70_T0,False,reserved,delay1,all,461,8.97905988983978,24.287430050458305,-5.704969246180138,0.38177874186550975,0.5687120233558031,0.0320768526735867,0.5272727272727272,440,26.814511929887054,0.34194528875379937,3.0,0.9544468546637744,21,0.5379609544468547,0.7245119305856833
R01_RSI14_30_70_T0,False,reserved,delay1,primary,381,10.40536100618028,30.279425180679876,-7.436177659837707,0.3543307086614173,0.586038181555673,0.020891525591756333,0.5185185185185185,378,27.18765289473719,0.33890577507598785,3.0,0.9921259842519685,3,0.5905511811023622,0.7979002624671916
R01_RSI14_30_70_T0,False,reserved,delay1,full10,275,10.869320515186942,31.74750602318548,-6.733834585652199,0.3418181818181818,0.6841812865098502,0.06693601842744454,0.5551470588235294,272,23.507501253994068,0.3191489361702128,3.0,0.9890909090909091,3,0.6145454545454545,0.8181818181818182
R01_SMA200_monthly,False,full,base,all,461,0.0,0.0,-3.6493349892414035,0.3600867678958785,0.20140509814750657,-0.15550377620172043,0.2185929648241206,398,54.21015051837812,0.44299390774586594,8.0,0.8633405639913232,63,0.19522776572668113,0.4880694143167028
R01_SMA200_monthly,False,full,base,primary,370,1.749765135237502,18.53706197700027,-4.053316801818507,0.3162162162162162,0.21026290034834916,-0.14729484253810762,0.21891891891891893,370,58.7048396268983,0.4701015242728477,10.0,1.0,0,0.22702702702702704,0.581081081081081
R01_SMA200_monthly,False,full,base,full10,275,1.8402526413826559,19.988734927066986,-4.694267829609578,0.23636363636363636,0.21053116222464516,-0.15771738644951122,0.16363636363636364,275,59.54296891108039,0.4880130028443722,10.0,1.0,0,0.19272727272727272,0.6072727272727273
R01_SMA200_monthly,False,full,cost2x,all,461,0.0,0.0,-3.9274847621220133,0.3470715835140998,0.19003463743911195,-0.16767044111053137,0.2135678391959799,398,54.893738704091696,0.44299390774586594,8.0,0.8633405639913232,63,0.18872017353579176,0.4772234273318872
R01_SMA200_monthly,False,full,cost2x,primary,370,1.498111542775904,15.552922996096264,-4.331103257394653,0.3,0.200959285237206,-0.16169069302457412,0.21351351351351353,370,59.20578368558792,0.4701015242728477,10.0,1.0,0,0.21891891891891893,0.5675675675675675
R01_SMA200_monthly,False,full,cost2x,full10,275,1.5293712543330118,16.378257266849626,-4.988271385324228,0.22181818181818183,0.2017126909350613,-0.17247328052626798,0.15636363636363637,275,60.73865694035048,0.4880130028443722,10.0,1.0,0,0.18181818181818182,0.5927272727272728
R01_SMA200_monthly,False,full,delay1,all,461,0.19023714236698908,1.8572913898626808,-3.3736666775234347,0.37093275488069416,0.21568885543922733,-0.1437798653596113,0.23618090452261306,398,53.89698955070228,0.44299390774586594,8.0,0.8633405639913232,63,0.210412147505423,0.5097613882863341
R01_SMA200_monthly,False,full,delay1,primary,370,2.0038886664738187,20.46129066618876,-3.7680128412293175,0.32432432432432434,0.22450191880791764,-0.13218890049863904,0.23783783783783785,370,58.82134870102444,0.46975924529752455,10.0,1.0,0,0.24594594594594596,0.6054054054054054
R01_SMA200_monthly,False,full,delay1,full10,275,2.2869995998736403,25.353706095815443,-4.284837847145926,0.2545454545454545,0.23388794678151276,-0.14104517313590195,0.1781818181818182,275,60.034666442291055,0.4880130028443722,10.0,1.0,0,0.21454545454545454,0.6436363636363637
R01_SMA200_monthly,False,reserved,base,all,461,4.035139518306563,10.771152485056824,-8.595541616045288,0.279826464208243,0.39031515537358963,-0.2546317623974701,0.1984924623115578,398,35.821724832901545,0.5592705167173252,3.0,0.8633405639913232,63,0.41865509761388287,0.5422993492407809
R01_SMA200_monthly,False,reserved,base,primary,381,8.00048210205555,22.83389221662333,-9.126817762509589,0.22572178477690288,0.4273854353177587,-0.24392311355199703,0.2020997375328084,381,39.18561558542895,0.6155015197568389,3.0,1.0,0,0.5013123359580053,0.6456692913385826
R01_SMA200_monthly,False,reserved,base,full10,275,7.964902589244582,22.725790526925536,-9.665006158765733,0.16363636363636364,0.4252584370282492,-0.2635361955875222,0.15636363636363637,275,37.271166144002486,0.6534954407294833,3.0,1.0,0,0.49818181818181817,0.6545454545454545
R01_SMA200_monthly,False,reserved,cost2x,all,461,3.685329241471913,9.778683186881022,-8.451587239548399,0.279826464208243,0.3810678486211945,-0.26365382049044855,0.19597989949748743,398,36.07842791677396,0.5592705167173252,3.0,0.8633405639913232,63,0.4078091106290672,0.5401301518438177
R01_SMA200_monthly,False,reserved,cost2x,primary,381,7.601878781730731,21.626212013388326,-9.400657829022972,0.22572178477690288,0.4135184079464978,-0.2541964335677008,0.1994750656167979,381,39.3794418839282,0.6155015197568389,3.0,1.0,0,0.4881889763779528,0.6430446194225722
R01_SMA200_monthly,False,reserved,cost2x,full10,275,7.516562393251092,21.368691731227972,-9.95844380224371,0.16363636363636364,0.4122025903679213,-0.2731267680643105,0.15636363636363637,275,37.486146922544606,0.6534954407294833,3.0,1.0,0,0.48,0.6509090909090909
R01_SMA200_monthly,False,reserved,delay1,all,461,4.2978946399395035,11.517061832646935,-8.10469454658358,0.2885032537960954,0.4226988359227546,-0.21964226062852266,0.21105527638190955,398,35.72788887283429,0.5592705167173252,3.0,0.8633405639913232,63,0.4316702819956616,0.5704989154013015
R01_SMA200_monthly,False,reserved,delay1,primary,381,8.742547361413845,25.10211515274099,-8.753334227226617,0.23097112860892388,0.42758320393579663,-0.20912087908438576,0.2152230971128609,381,38.61237434478888,0.6155015197568389,3.0,1.0,0,0.5170603674540682,0.6797900262467191
R01_SMA200_monthly,False,reserved,delay1,full10,275,8.855799721497037,25.45057287036734,-9.290450490315337,0.18181818181818182,0.4407493663097034,-0.21882503897545258,0.18181818181818182,275,36.70444988691147,0.6519756838905775,3.0,1.0,0,0.5236363636363637,0.68
R01_BH,False,full,base,all,461,4.537360446313987,36.385839684887024,0.0,0.0,0.32688387111762135,0.0,0.0,461,65.17112274038791,0.9991873222267371,1.0,1.0,0,0.3774403470715835,0.6399132321041214
R01_BH,False,full,base,primary,370,4.941061433430782,56.58067524155774,0.0,0.0,0.3302208246262127,0.0,0.0,370,68.35737918425613,0.9991873222267371,1.0,1.0,0,0.372972972972973,0.6864864864864865
R01_BH,False,full,base,full10,275,5.598522491918567,72.35206369924721,0.0,0.0,0.34664924704912853,0.0,0.0,275,65.17112274038791,0.9991873222267371,1.0,1.0,0,0.3927272727272727,0.7418181818181818
R01_BH,False,full,cost2x,all,461,4.48978852547719,35.97729457495213,0.0,0.0,0.32611722059911546,0.0,0.0,461,65.17112274038791,0.9991873222267371,1.0,1.0,0,0.37310195227765725,0.6399132321041214
R01_BH,False,full,cost2x,primary,370,4.909562224999354,56.11163630519863,0.0,0.0,0.3294725287614934,0.0,0.0,370,68.35737918425613,0.9991873222267371,1.0,1.0,0,0.37027027027027026,0.6864864864864865
R01_BH,False,full,cost2x,full10,275,5.566825939352871,71.83578141529307,0.0,0.0,0.34617835464687036,0.0,0.0,275,65.17112274038791,0.9991873222267371,1.0,1.0,0,0.3890909090909091,0.7418181818181818
R01_BH,False,full,delay1,all,461,4.375046531249005,35.708247812764405,0.0,0.0,0.3262642254268745,0.0,0.0,461,65.17112274038791,0.9987809833401057,1.0,1.0,0,0.3796095444685466,0.6377440347071583
R01_BH,False,full,delay1,primary,370,4.875487844417803,55.83281276841639,0.0,0.0,0.3284566055301844,0.0,0.0,370,68.35737918425613,0.9987809833401057,1.0,1.0,0,0.37567567567567567,0.6864864864864865
R01_BH,False,full,delay1,full10,275,5.579923077285476,72.04894227872131,0.0,0.0,0.34666202223668324,0.0,0.0,275,65.17112274038791,0.9987809833401057,1.0,1.0,0,0.3890909090909091,0.7454545454545455
R01_BH,False,reserved,base,all,461,14.492498869366033,39.048352802156614,0.0,0.0,0.5896201051350005,0.0,0.0,461,46.06473059384085,0.9969604863221885,1.0,1.0,0,0.6160520607375272,0.7396963123644251
R01_BH,False,reserved,base,primary,381,16.5138943611717,50.44255950660486,0.0,0.0,0.639308147190069,0.0,0.0,381,44.512193038802565,0.9969604863221885,1.0,1.0,0,0.6666666666666666,0.8031496062992126
R01_BH,False,reserved,base,full10,275,17.492612970028574,53.84315930768353,0.0,0.0,0.671494956185551,0.0,0.0,275,40.698565827348546,0.9969604863221885,1.0,1.0,0,0.7018181818181818,0.8218181818181818
R01_BH,False,reserved,cost2x,all,461,14.36403065485079,38.63183210827032,0.0,0.0,0.5846576978500926,0.0,0.0,461,46.06473059384085,0.9969604863221885,1.0,1.0,0,0.613882863340564,0.7396963123644251
R01_BH,False,reserved,cost2x,primary,381,16.383158006191167,49.99190735565935,0.0,0.0,0.6373534214314047,0.0,0.0,381,44.512193038802565,0.9969604863221885,1.0,1.0,0,0.6666666666666666,0.8031496062992126
R01_BH,False,reserved,cost2x,full10,275,17.360778427538513,53.3823206269429,0.0,0.0,0.6674425566721868,0.0,0.0,275,40.698565827348546,0.9969604863221885,1.0,1.0,0,0.7018181818181818,0.8218181818181818
R01_BH,False,reserved,delay1,all,461,14.79095438303828,38.202951969935924,0.0,0.0,0.5896201051350005,0.0,0.0,461,46.06473059384085,0.9969604863221885,1.0,1.0,0,0.6160520607375272,0.737527114967462
R01_BH,False,reserved,delay1,primary,381,16.5138943611717,50.44255950660486,0.0,0.0,0.639308147190069,0.0,0.0,381,44.512193038802565,0.9969604863221885,1.0,1.0,0,0.6666666666666666,0.8031496062992126
R01_BH,False,reserved,delay1,full10,275,17.492612970028574,53.84315930768353,0.0,0.0,0.671494956185551,0.0,0.0,275,40.698565827348546,0.9969604863221885,1.0,1.0,0,0.7018181818181818,0.8218181818181818
